scenario_id,category,description,model_label,dgp_type,dgp_n_did,dgp_n_rct,dgp_n_pp,dgp_true_effect,dgp_sigma_effect,dgp_true_trend,dgp_sigma_trend,dgp_baseline_mean,dgp_baseline_sd,dgp_within_sd,dgp_rho,dgp_rho_effect_trend,dgp_n_control,dgp_n_treatment,dgp_covariates,dgp_beta_cov,fit_fn,fit_normalise,fit_baseline_latent_arm,fit_robust_heterogeneity,fit_design_effects,fit_correlated_effects,fit_hierarchical_rho,fit_time_trend,fit_baseline_imbalance,fit_pp_likelihood,fit_covariates,fit_provide_rho,fit_data_format,fit_label,dgp_bespoke_fn,dgp_did_trend,dgp_pp_trend,dgp_rct_gamma_mean,dgp_rct_gamma_sd,dgp_did_gamma_mean,dgp_did_gamma_sd,dgp_n_outlier,dgp_outlier_shift,dgp_effect_df,dgp_within_df,dgp_outlier_direction,dgp_n_outlier_pp,dgp_trend_df,dgp_delta_rct,dgp_delta_pp,dgp_within_sd_shape,dgp_within_sd_rate,dgp_rho_alpha,dgp_rho_beta,dgp_size_effect_slope,dgp_rho_values,fit_priors,dgp_lognormal_sigma,dgp_trend_low,dgp_trend_high,dgp_mix_prob,dgp_sigma_within,dgp_trend_size_slope,dgp_n_small_min,dgp_n_small_max,dgp_n_large_min,dgp_n_large_max
A1,A,"Baseline: DiD-only summary, normalised, 20 studies",default,metadid,20,0,0,-0.15,0.03,-0.04,0.02,0.45,0.05,0.12,0.5,0,100,100,NA,NA,meta_did,TRUE,treatment,FALSE,FALSE,FALSE,TRUE,pooled,estimated,differenced,NA,TRUE,summary,NA,NA,NA,NA,NA,NA,NA,NA,NA,NA,NA,NA,NA,NA,NA,NA,NA,NA,NA,NA,NA,NA,NA,NA,NA,NA,NA,NA,NA,NA,NA,NA,NA,NA
A1,A,"Baseline: DiD-only summary, normalised, 20 studies",naive,metadid,20,0,0,-0.15,0.03,-0.04,0.02,0.45,0.05,0.12,0.5,0,100,100,NA,NA,meta_did_general,TRUE,treatment,FALSE,FALSE,FALSE,TRUE,fixed_zero,fixed_zero,differenced,NA,TRUE,summary,NA,NA,NA,NA,NA,NA,NA,NA,NA,NA,NA,NA,NA,NA,NA,NA,NA,NA,NA,NA,NA,NA,NA,NA,NA,NA,NA,NA,NA,NA,NA,NA,NA,NA
A1,A,"Baseline: DiD-only summary, normalised, 20 studies",robust,metadid,20,0,0,-0.15,0.03,-0.04,0.02,0.45,0.05,0.12,0.5,0,100,100,NA,NA,meta_did,TRUE,treatment,TRUE,FALSE,FALSE,TRUE,pooled,estimated,differenced,NA,TRUE,summary,NA,NA,NA,NA,NA,NA,NA,NA,NA,NA,NA,NA,NA,NA,NA,NA,NA,NA,NA,NA,NA,NA,NA,NA,NA,NA,NA,NA,NA,NA,NA,NA,NA,NA
A2,A,"Large sample: DiD-only, 60 studies",default,metadid,60,0,0,-0.15,0.03,-0.04,0.02,0.45,0.05,0.12,0.5,0,100,100,NA,NA,meta_did,TRUE,treatment,FALSE,FALSE,FALSE,TRUE,pooled,estimated,differenced,NA,TRUE,summary,NA,NA,NA,NA,NA,NA,NA,NA,NA,NA,NA,NA,NA,NA,NA,NA,NA,NA,NA,NA,NA,NA,NA,NA,NA,NA,NA,NA,NA,NA,NA,NA,NA,NA
A2,A,"Large sample: DiD-only, 60 studies",naive,metadid,60,0,0,-0.15,0.03,-0.04,0.02,0.45,0.05,0.12,0.5,0,100,100,NA,NA,meta_did_general,TRUE,treatment,FALSE,FALSE,FALSE,TRUE,fixed_zero,fixed_zero,differenced,NA,TRUE,summary,NA,NA,NA,NA,NA,NA,NA,NA,NA,NA,NA,NA,NA,NA,NA,NA,NA,NA,NA,NA,NA,NA,NA,NA,NA,NA,NA,NA,NA,NA,NA,NA,NA,NA
A2,A,"Large sample: DiD-only, 60 studies",robust,metadid,60,0,0,-0.15,0.03,-0.04,0.02,0.45,0.05,0.12,0.5,0,100,100,NA,NA,meta_did,TRUE,treatment,TRUE,FALSE,FALSE,TRUE,pooled,estimated,differenced,NA,TRUE,summary,NA,NA,NA,NA,NA,NA,NA,NA,NA,NA,NA,NA,NA,NA,NA,NA,NA,NA,NA,NA,NA,NA,NA,NA,NA,NA,NA,NA,NA,NA,NA,NA,NA,NA
A3,A,"Small sample: DiD-only, 5 studies",default,metadid,5,0,0,-0.15,0.03,-0.04,0.02,0.45,0.05,0.12,0.5,0,100,100,NA,NA,meta_did,TRUE,treatment,FALSE,FALSE,FALSE,TRUE,pooled,estimated,differenced,NA,TRUE,summary,NA,NA,NA,NA,NA,NA,NA,NA,NA,NA,NA,NA,NA,NA,NA,NA,NA,NA,NA,NA,NA,NA,NA,NA,NA,NA,NA,NA,NA,NA,NA,NA,NA,NA
A3,A,"Small sample: DiD-only, 5 studies",naive,metadid,5,0,0,-0.15,0.03,-0.04,0.02,0.45,0.05,0.12,0.5,0,100,100,NA,NA,meta_did_general,TRUE,treatment,FALSE,FALSE,FALSE,TRUE,fixed_zero,fixed_zero,differenced,NA,TRUE,summary,NA,NA,NA,NA,NA,NA,NA,NA,NA,NA,NA,NA,NA,NA,NA,NA,NA,NA,NA,NA,NA,NA,NA,NA,NA,NA,NA,NA,NA,NA,NA,NA,NA,NA
A3,A,"Small sample: DiD-only, 5 studies",robust,metadid,5,0,0,-0.15,0.03,-0.04,0.02,0.45,0.05,0.12,0.5,0,100,100,NA,NA,meta_did,TRUE,treatment,TRUE,FALSE,FALSE,TRUE,pooled,estimated,differenced,NA,TRUE,summary,NA,NA,NA,NA,NA,NA,NA,NA,NA,NA,NA,NA,NA,NA,NA,NA,NA,NA,NA,NA,NA,NA,NA,NA,NA,NA,NA,NA,NA,NA,NA,NA,NA,NA
A4,A,"Very large sample: DiD-only, 100 studies",default,metadid,100,0,0,-0.15,0.03,-0.04,0.02,0.45,0.05,0.12,0.5,0,100,100,NA,NA,meta_did,TRUE,treatment,FALSE,FALSE,FALSE,TRUE,pooled,estimated,differenced,NA,TRUE,summary,NA,NA,NA,NA,NA,NA,NA,NA,NA,NA,NA,NA,NA,NA,NA,NA,NA,NA,NA,NA,NA,NA,NA,NA,NA,NA,NA,NA,NA,NA,NA,NA,NA,NA
A4,A,"Very large sample: DiD-only, 100 studies",naive,metadid,100,0,0,-0.15,0.03,-0.04,0.02,0.45,0.05,0.12,0.5,0,100,100,NA,NA,meta_did_general,TRUE,treatment,FALSE,FALSE,FALSE,TRUE,fixed_zero,fixed_zero,differenced,NA,TRUE,summary,NA,NA,NA,NA,NA,NA,NA,NA,NA,NA,NA,NA,NA,NA,NA,NA,NA,NA,NA,NA,NA,NA,NA,NA,NA,NA,NA,NA,NA,NA,NA,NA,NA,NA
A4,A,"Very large sample: DiD-only, 100 studies",robust,metadid,100,0,0,-0.15,0.03,-0.04,0.02,0.45,0.05,0.12,0.5,0,100,100,NA,NA,meta_did,TRUE,treatment,TRUE,FALSE,FALSE,TRUE,pooled,estimated,differenced,NA,TRUE,summary,NA,NA,NA,NA,NA,NA,NA,NA,NA,NA,NA,NA,NA,NA,NA,NA,NA,NA,NA,NA,NA,NA,NA,NA,NA,NA,NA,NA,NA,NA,NA,NA,NA,NA
A5,A,"Mixed designs: 10 DiD + 10 RCT + 10 PP, normalised",default,metadid,10,10,10,-0.15,0.03,-0.04,0.02,0.45,0.05,0.12,0.5,0,100,100,NA,NA,meta_did,TRUE,treatment,FALSE,FALSE,FALSE,TRUE,pooled,estimated,differenced,NA,TRUE,summary,NA,NA,NA,NA,NA,NA,NA,NA,NA,NA,NA,NA,NA,NA,NA,NA,NA,NA,NA,NA,NA,NA,NA,NA,NA,NA,NA,NA,NA,NA,NA,NA,NA,NA
A5,A,"Mixed designs: 10 DiD + 10 RCT + 10 PP, normalised",naive,metadid,10,10,10,-0.15,0.03,-0.04,0.02,0.45,0.05,0.12,0.5,0,100,100,NA,NA,meta_did_general,TRUE,treatment,FALSE,FALSE,FALSE,TRUE,fixed_zero,fixed_zero,differenced,NA,TRUE,summary,NA,NA,NA,NA,NA,NA,NA,NA,NA,NA,NA,NA,NA,NA,NA,NA,NA,NA,NA,NA,NA,NA,NA,NA,NA,NA,NA,NA,NA,NA,NA,NA,NA,NA
A5,A,"Mixed designs: 10 DiD + 10 RCT + 10 PP, normalised",robust,metadid,10,10,10,-0.15,0.03,-0.04,0.02,0.45,0.05,0.12,0.5,0,100,100,NA,NA,meta_did,TRUE,treatment,TRUE,FALSE,FALSE,TRUE,pooled,estimated,differenced,NA,TRUE,summary,NA,NA,NA,NA,NA,NA,NA,NA,NA,NA,NA,NA,NA,NA,NA,NA,NA,NA,NA,NA,NA,NA,NA,NA,NA,NA,NA,NA,NA,NA,NA,NA,NA,NA
A6,A,"PP-heavy with trend: 5 DiD + 25 PP, trend = -0.10",default,metadid,5,0,25,-0.15,0.03,-0.1,0.01,0.45,0.05,0.12,0.5,0,100,100,NA,NA,meta_did,TRUE,treatment,FALSE,FALSE,FALSE,TRUE,pooled,estimated,differenced,NA,TRUE,summary,NA,NA,NA,NA,NA,NA,NA,NA,NA,NA,NA,NA,NA,NA,NA,NA,NA,NA,NA,NA,NA,NA,NA,NA,NA,NA,NA,NA,NA,NA,NA,NA,NA,NA
A6,A,"PP-heavy with trend: 5 DiD + 25 PP, trend = -0.10",naive,metadid,5,0,25,-0.15,0.03,-0.1,0.01,0.45,0.05,0.12,0.5,0,100,100,NA,NA,meta_did_general,TRUE,treatment,FALSE,FALSE,FALSE,TRUE,fixed_zero,fixed_zero,differenced,NA,TRUE,summary,NA,NA,NA,NA,NA,NA,NA,NA,NA,NA,NA,NA,NA,NA,NA,NA,NA,NA,NA,NA,NA,NA,NA,NA,NA,NA,NA,NA,NA,NA,NA,NA,NA,NA
A6,A,"PP-heavy with trend: 5 DiD + 25 PP, trend = -0.10",robust,metadid,5,0,25,-0.15,0.03,-0.1,0.01,0.45,0.05,0.12,0.5,0,100,100,NA,NA,meta_did,TRUE,treatment,TRUE,FALSE,FALSE,TRUE,pooled,estimated,differenced,NA,TRUE,summary,NA,NA,NA,NA,NA,NA,NA,NA,NA,NA,NA,NA,NA,NA,NA,NA,NA,NA,NA,NA,NA,NA,NA,NA,NA,NA,NA,NA,NA,NA,NA,NA,NA,NA
A7,A,Covariates: 30 DiD studies with dose covariate,default,metadid,30,0,0,-0.15,0.03,-0.04,0.02,0.45,0.05,0.12,0.5,0,100,100,data.frame(dose),-0.04,meta_did,TRUE,treatment,FALSE,FALSE,FALSE,TRUE,pooled,estimated,differenced,~dose,TRUE,summary,NA,NA,NA,NA,NA,NA,NA,NA,NA,NA,NA,NA,NA,NA,NA,NA,NA,NA,NA,NA,NA,NA,NA,NA,NA,NA,NA,NA,NA,NA,NA,NA,NA,NA
A7,A,Covariates: 30 DiD studies with dose covariate,naive,metadid,30,0,0,-0.15,0.03,-0.04,0.02,0.45,0.05,0.12,0.5,0,100,100,data.frame(dose),-0.04,meta_did_general,TRUE,treatment,FALSE,FALSE,FALSE,TRUE,fixed_zero,fixed_zero,differenced,NA,TRUE,summary,NA,NA,NA,NA,NA,NA,NA,NA,NA,NA,NA,NA,NA,NA,NA,NA,NA,NA,NA,NA,NA,NA,NA,NA,NA,NA,NA,NA,NA,NA,NA,NA,NA,NA
A7,A,Covariates: 30 DiD studies with dose covariate,robust,metadid,30,0,0,-0.15,0.03,-0.04,0.02,0.45,0.05,0.12,0.5,0,100,100,data.frame(dose),-0.04,meta_did,TRUE,treatment,TRUE,FALSE,FALSE,TRUE,pooled,estimated,differenced,~dose,TRUE,summary,NA,NA,NA,NA,NA,NA,NA,NA,NA,NA,NA,NA,NA,NA,NA,NA,NA,NA,NA,NA,NA,NA,NA,NA,NA,NA,NA,NA,NA,NA,NA,NA,NA,NA
A8,A,"Correlated effects: 30 DiD, rho_effect_trend = 0.95",default,metadid,30,0,0,-0.15,0.03,-0.04,0.02,0.45,0,0.12,0.5,0.95,100,100,NA,NA,meta_did_general,TRUE,treatment,FALSE,FALSE,TRUE,TRUE,pooled,estimated,differenced,NA,TRUE,summary,NA,NA,NA,NA,NA,NA,NA,NA,NA,NA,NA,NA,NA,NA,NA,NA,NA,NA,NA,NA,NA,NA,NA,NA,NA,NA,NA,NA,NA,NA,NA,NA,NA,NA
A8,A,"Correlated effects: 30 DiD, rho_effect_trend = 0.95",naive,metadid,30,0,0,-0.15,0.03,-0.04,0.02,0.45,0,0.12,0.5,0.95,100,100,NA,NA,meta_did_general,TRUE,treatment,FALSE,FALSE,FALSE,TRUE,fixed_zero,fixed_zero,differenced,NA,TRUE,summary,NA,NA,NA,NA,NA,NA,NA,NA,NA,NA,NA,NA,NA,NA,NA,NA,NA,NA,NA,NA,NA,NA,NA,NA,NA,NA,NA,NA,NA,NA,NA,NA,NA,NA
A9,A,"Unnormalised DiD-only, 20 studies, raw scale",default,metadid,20,0,0,-0.15,0.03,-0.04,0.02,0.45,0.05,0.12,0.5,0,100,100,NA,NA,meta_did,FALSE,treatment,FALSE,FALSE,FALSE,TRUE,pooled,estimated,differenced,NA,TRUE,summary,NA,NA,NA,NA,NA,NA,NA,NA,NA,NA,NA,NA,NA,NA,NA,NA,NA,NA,NA,NA,NA,NA,NA,NA,NA,NA,NA,NA,NA,NA,NA,NA,NA,NA
A9,A,"Unnormalised DiD-only, 20 studies, raw scale",naive,metadid,20,0,0,-0.15,0.03,-0.04,0.02,0.45,0.05,0.12,0.5,0,100,100,NA,NA,meta_did_general,FALSE,treatment,FALSE,FALSE,FALSE,TRUE,fixed_zero,fixed_zero,differenced,NA,TRUE,summary,NA,NA,NA,NA,NA,NA,NA,NA,NA,NA,NA,NA,NA,NA,NA,NA,NA,NA,NA,NA,NA,NA,NA,NA,NA,NA,NA,NA,NA,NA,NA,NA,NA,NA
A9,A,"Unnormalised DiD-only, 20 studies, raw scale",robust,metadid,20,0,0,-0.15,0.03,-0.04,0.02,0.45,0.05,0.12,0.5,0,100,100,NA,NA,meta_did,FALSE,treatment,TRUE,FALSE,FALSE,TRUE,pooled,estimated,differenced,NA,TRUE,summary,NA,NA,NA,NA,NA,NA,NA,NA,NA,NA,NA,NA,NA,NA,NA,NA,NA,NA,NA,NA,NA,NA,NA,NA,NA,NA,NA,NA,NA,NA,NA,NA,NA,NA
A10,A,"Unnormalised mixed: 10 DiD + 10 RCT + 10 PP, raw scale",default,metadid,10,10,10,-0.15,0.03,-0.04,0.02,0.45,0.05,0.12,0.5,0,100,100,NA,NA,meta_did,FALSE,treatment,FALSE,FALSE,FALSE,TRUE,pooled,estimated,differenced,NA,TRUE,summary,NA,NA,NA,NA,NA,NA,NA,NA,NA,NA,NA,NA,NA,NA,NA,NA,NA,NA,NA,NA,NA,NA,NA,NA,NA,NA,NA,NA,NA,NA,NA,NA,NA,NA
A10,A,"Unnormalised mixed: 10 DiD + 10 RCT + 10 PP, raw scale",naive,metadid,10,10,10,-0.15,0.03,-0.04,0.02,0.45,0.05,0.12,0.5,0,100,100,NA,NA,meta_did_general,FALSE,treatment,FALSE,FALSE,FALSE,TRUE,fixed_zero,fixed_zero,differenced,NA,TRUE,summary,NA,NA,NA,NA,NA,NA,NA,NA,NA,NA,NA,NA,NA,NA,NA,NA,NA,NA,NA,NA,NA,NA,NA,NA,NA,NA,NA,NA,NA,NA,NA,NA,NA,NA
A10,A,"Unnormalised mixed: 10 DiD + 10 RCT + 10 PP, raw scale",robust,metadid,10,10,10,-0.15,0.03,-0.04,0.02,0.45,0.05,0.12,0.5,0,100,100,NA,NA,meta_did,FALSE,treatment,TRUE,FALSE,FALSE,TRUE,pooled,estimated,differenced,NA,TRUE,summary,NA,NA,NA,NA,NA,NA,NA,NA,NA,NA,NA,NA,NA,NA,NA,NA,NA,NA,NA,NA,NA,NA,NA,NA,NA,NA,NA,NA,NA,NA,NA,NA,NA,NA
A11,A,"Individual-level DiD: fit from individual data, 20 studies",default,metadid,20,0,0,-0.15,0.03,-0.04,0.02,0.45,0.05,0.12,0.5,0,100,100,NA,NA,meta_did,TRUE,treatment,FALSE,FALSE,FALSE,TRUE,pooled,estimated,differenced,NA,TRUE,individual,NA,NA,NA,NA,NA,NA,NA,NA,NA,NA,NA,NA,NA,NA,NA,NA,NA,NA,NA,NA,NA,NA,NA,NA,NA,NA,NA,NA,NA,NA,NA,NA,NA,NA
A11,A,"Individual-level DiD: fit from individual data, 20 studies",robust,metadid,20,0,0,-0.15,0.03,-0.04,0.02,0.45,0.05,0.12,0.5,0,100,100,NA,NA,meta_did,TRUE,treatment,TRUE,FALSE,FALSE,TRUE,pooled,estimated,differenced,NA,TRUE,individual,NA,NA,NA,NA,NA,NA,NA,NA,NA,NA,NA,NA,NA,NA,NA,NA,NA,NA,NA,NA,NA,NA,NA,NA,NA,NA,NA,NA,NA,NA,NA,NA,NA,NA
A12,A,"Individual vs summary consistency: same data, fit both ways, 20 studies",summary,metadid,20,0,0,-0.15,0.03,-0.04,0.02,0.45,0.05,0.12,0.5,0,100,100,NA,NA,meta_did,TRUE,treatment,FALSE,FALSE,FALSE,TRUE,pooled,estimated,differenced,NA,TRUE,summary,summary,NA,NA,NA,NA,NA,NA,NA,NA,NA,NA,NA,NA,NA,NA,NA,NA,NA,NA,NA,NA,NA,NA,NA,NA,NA,NA,NA,NA,NA,NA,NA,NA,NA
A12,A,"Individual vs summary consistency: same data, fit both ways, 20 studies",individual,metadid,20,0,0,-0.15,0.03,-0.04,0.02,0.45,0.05,0.12,0.5,0,100,100,NA,NA,meta_did,TRUE,treatment,FALSE,FALSE,FALSE,TRUE,pooled,estimated,differenced,NA,TRUE,individual,individual,NA,NA,NA,NA,NA,NA,NA,NA,NA,NA,NA,NA,NA,NA,NA,NA,NA,NA,NA,NA,NA,NA,NA,NA,NA,NA,NA,NA,NA,NA,NA,NA,NA
A12,A,"Individual vs summary consistency: same data, fit both ways, 20 studies",naive,metadid,20,0,0,-0.15,0.03,-0.04,0.02,0.45,0.05,0.12,0.5,0,100,100,NA,NA,meta_did_general,TRUE,treatment,FALSE,FALSE,FALSE,TRUE,fixed_zero,fixed_zero,differenced,NA,TRUE,summary,NA,NA,NA,NA,NA,NA,NA,NA,NA,NA,NA,NA,NA,NA,NA,NA,NA,NA,NA,NA,NA,NA,NA,NA,NA,NA,NA,NA,NA,NA,NA,NA,NA,NA
A12,A,"Individual vs summary consistency: same data, fit both ways, 20 studies",robust,metadid,20,0,0,-0.15,0.03,-0.04,0.02,0.45,0.05,0.12,0.5,0,100,100,NA,NA,meta_did,TRUE,treatment,TRUE,FALSE,FALSE,TRUE,pooled,estimated,differenced,NA,TRUE,summary,NA,NA,NA,NA,NA,NA,NA,NA,NA,NA,NA,NA,NA,NA,NA,NA,NA,NA,NA,NA,NA,NA,NA,NA,NA,NA,NA,NA,NA,NA,NA,NA,NA,NA
A13,A,"Known vs hierarchical rho: same DiD data, compare rho modes",hierarchical_rho,metadid,20,0,0,-0.15,0.03,-0.04,0.02,0.45,0.05,0.12,0.5,0,100,100,NA,NA,meta_did,TRUE,treatment,FALSE,FALSE,FALSE,TRUE,pooled,estimated,differenced,NA,TRUE,summary,hierarchical_rho,NA,NA,NA,NA,NA,NA,NA,NA,NA,NA,NA,NA,NA,NA,NA,NA,NA,NA,NA,NA,NA,NA,NA,NA,NA,NA,NA,NA,NA,NA,NA,NA,NA
A13,A,"Known vs hierarchical rho: same DiD data, compare rho modes",known_rho,metadid,20,0,0,-0.15,0.03,-0.04,0.02,0.45,0.05,0.12,0.5,0,100,100,NA,NA,meta_did,TRUE,treatment,FALSE,FALSE,FALSE,FALSE,pooled,estimated,differenced,NA,TRUE,summary,known_rho,NA,NA,NA,NA,NA,NA,NA,NA,NA,NA,NA,NA,NA,NA,NA,NA,NA,NA,NA,NA,NA,NA,NA,NA,NA,NA,NA,NA,NA,NA,NA,NA,NA
A13,A,"Known vs hierarchical rho: same DiD data, compare rho modes",naive,metadid,20,0,0,-0.15,0.03,-0.04,0.02,0.45,0.05,0.12,0.5,0,100,100,NA,NA,meta_did_general,TRUE,treatment,FALSE,FALSE,FALSE,TRUE,fixed_zero,fixed_zero,differenced,NA,TRUE,summary,NA,NA,NA,NA,NA,NA,NA,NA,NA,NA,NA,NA,NA,NA,NA,NA,NA,NA,NA,NA,NA,NA,NA,NA,NA,NA,NA,NA,NA,NA,NA,NA,NA,NA
A13,A,"Known vs hierarchical rho: same DiD data, compare rho modes",robust,metadid,20,0,0,-0.15,0.03,-0.04,0.02,0.45,0.05,0.12,0.5,0,100,100,NA,NA,meta_did,TRUE,treatment,TRUE,FALSE,FALSE,TRUE,pooled,estimated,differenced,NA,TRUE,summary,NA,NA,NA,NA,NA,NA,NA,NA,NA,NA,NA,NA,NA,NA,NA,NA,NA,NA,NA,NA,NA,NA,NA,NA,NA,NA,NA,NA,NA,NA,NA,NA,NA,NA
F1,F,"Large mixed, normalised, full model: 35 DiD + 35 RCT + 30 PP",default,metadid,35,35,30,-0.15,0.03,-0.04,0.02,0.45,0.05,0.12,0.5,0,100,100,NA,NA,meta_did,TRUE,treatment,FALSE,FALSE,FALSE,TRUE,pooled,estimated,differenced,NA,TRUE,summary,NA,NA,NA,NA,NA,NA,NA,NA,NA,NA,NA,NA,NA,NA,NA,NA,NA,NA,NA,NA,NA,NA,NA,NA,NA,NA,NA,NA,NA,NA,NA,NA,NA,NA
F1,F,"Large mixed, normalised, full model: 35 DiD + 35 RCT + 30 PP",robust,metadid,35,35,30,-0.15,0.03,-0.04,0.02,0.45,0.05,0.12,0.5,0,100,100,NA,NA,meta_did,TRUE,treatment,TRUE,FALSE,FALSE,TRUE,pooled,estimated,differenced,NA,TRUE,summary,NA,NA,NA,NA,NA,NA,NA,NA,NA,NA,NA,NA,NA,NA,NA,NA,NA,NA,NA,NA,NA,NA,NA,NA,NA,NA,NA,NA,NA,NA,NA,NA,NA,NA
F2,F,"Large mixed, normalised, naive: 70 DiD + 70 RCT + 60 PP (zero trend, equal baselines)",default,metadid,70,70,60,-0.15,0.03,0,0,0.45,0,0.12,0.5,0,100,100,NA,NA,meta_did_general,TRUE,treatment,FALSE,FALSE,FALSE,TRUE,fixed_zero,fixed_zero,differenced,NA,TRUE,summary,NA,NA,NA,NA,NA,NA,NA,NA,NA,NA,NA,NA,NA,NA,NA,NA,NA,NA,NA,NA,NA,NA,NA,NA,NA,NA,NA,NA,NA,NA,NA,NA,NA,NA
F2,F,"Large mixed, normalised, naive: 70 DiD + 70 RCT + 60 PP (zero trend, equal baselines)",robust,metadid,70,70,60,-0.15,0.03,0,0,0.45,0,0.12,0.5,0,100,100,NA,NA,meta_did_general,TRUE,treatment,TRUE,FALSE,FALSE,TRUE,fixed_zero,fixed_zero,differenced,NA,TRUE,summary,NA,NA,NA,NA,NA,NA,NA,NA,NA,NA,NA,NA,NA,NA,NA,NA,NA,NA,NA,NA,NA,NA,NA,NA,NA,NA,NA,NA,NA,NA,NA,NA,NA,NA
F3,F,"Large mixed, unnormalised: 70 DiD + 70 RCT + 60 PP",default,metadid,70,70,60,-0.15,0.03,-0.04,0.02,0.45,0.05,0.12,0.5,0,100,100,NA,NA,meta_did,FALSE,treatment,FALSE,FALSE,FALSE,TRUE,pooled,estimated,differenced,NA,TRUE,summary,NA,NA,NA,NA,NA,NA,NA,NA,NA,NA,NA,NA,NA,NA,NA,NA,NA,NA,NA,NA,NA,NA,NA,NA,NA,NA,NA,NA,NA,NA,NA,NA,NA,NA
F3,F,"Large mixed, unnormalised: 70 DiD + 70 RCT + 60 PP",robust,metadid,70,70,60,-0.15,0.03,-0.04,0.02,0.45,0.05,0.12,0.5,0,100,100,NA,NA,meta_did,FALSE,treatment,TRUE,FALSE,FALSE,TRUE,pooled,estimated,differenced,NA,TRUE,summary,NA,NA,NA,NA,NA,NA,NA,NA,NA,NA,NA,NA,NA,NA,NA,NA,NA,NA,NA,NA,NA,NA,NA,NA,NA,NA,NA,NA,NA,NA,NA,NA,NA,NA
F4,F,Large DiD + RCT only: 50 DiD + 50 RCT,default,metadid,50,50,0,-0.15,0.03,-0.04,0.02,0.45,0.05,0.12,0.5,0,100,100,NA,NA,meta_did,TRUE,treatment,FALSE,FALSE,FALSE,TRUE,pooled,estimated,differenced,NA,TRUE,summary,NA,NA,NA,NA,NA,NA,NA,NA,NA,NA,NA,NA,NA,NA,NA,NA,NA,NA,NA,NA,NA,NA,NA,NA,NA,NA,NA,NA,NA,NA,NA,NA,NA,NA
F4,F,Large DiD + RCT only: 50 DiD + 50 RCT,robust,metadid,50,50,0,-0.15,0.03,-0.04,0.02,0.45,0.05,0.12,0.5,0,100,100,NA,NA,meta_did,TRUE,treatment,TRUE,FALSE,FALSE,TRUE,pooled,estimated,differenced,NA,TRUE,summary,NA,NA,NA,NA,NA,NA,NA,NA,NA,NA,NA,NA,NA,NA,NA,NA,NA,NA,NA,NA,NA,NA,NA,NA,NA,NA,NA,NA,NA,NA,NA,NA,NA,NA
F5,F,"Large DiD + PP only: 100 DiD + 100 PP, nonzero trend",default,metadid,100,0,100,-0.15,0.03,-0.1,0.01,0.45,0.05,0.12,0.5,0,100,100,NA,NA,meta_did,TRUE,treatment,FALSE,FALSE,FALSE,TRUE,pooled,estimated,differenced,NA,TRUE,summary,NA,NA,NA,NA,NA,NA,NA,NA,NA,NA,NA,NA,NA,NA,NA,NA,NA,NA,NA,NA,NA,NA,NA,NA,NA,NA,NA,NA,NA,NA,NA,NA,NA,NA
F5,F,"Large DiD + PP only: 100 DiD + 100 PP, nonzero trend",robust,metadid,100,0,100,-0.15,0.03,-0.1,0.01,0.45,0.05,0.12,0.5,0,100,100,NA,NA,meta_did,TRUE,treatment,TRUE,FALSE,FALSE,TRUE,pooled,estimated,differenced,NA,TRUE,summary,NA,NA,NA,NA,NA,NA,NA,NA,NA,NA,NA,NA,NA,NA,NA,NA,NA,NA,NA,NA,NA,NA,NA,NA,NA,NA,NA,NA,NA,NA,NA,NA,NA,NA
F6,F,Large DiD-only with covariates: 200 studies,default,metadid,200,0,0,-0.15,0.03,-0.04,0.02,0.45,0.05,0.12,0.5,0,100,100,data.frame(dose),-0.04,meta_did,TRUE,treatment,FALSE,FALSE,FALSE,TRUE,pooled,estimated,differenced,~dose,TRUE,summary,NA,NA,NA,NA,NA,NA,NA,NA,NA,NA,NA,NA,NA,NA,NA,NA,NA,NA,NA,NA,NA,NA,NA,NA,NA,NA,NA,NA,NA,NA,NA,NA,NA,NA
F6,F,Large DiD-only with covariates: 200 studies,robust,metadid,200,0,0,-0.15,0.03,-0.04,0.02,0.45,0.05,0.12,0.5,0,100,100,data.frame(dose),-0.04,meta_did,TRUE,treatment,TRUE,FALSE,FALSE,TRUE,pooled,estimated,differenced,~dose,TRUE,summary,NA,NA,NA,NA,NA,NA,NA,NA,NA,NA,NA,NA,NA,NA,NA,NA,NA,NA,NA,NA,NA,NA,NA,NA,NA,NA,NA,NA,NA,NA,NA,NA,NA,NA
F7,F,"Large mixed, design effects: 35 DiD + 35 RCT + 30 PP with offsets",default,metadid,35,35,30,-0.15,0.03,-0.04,0.02,0.45,0.05,0.12,0.5,0,100,100,NA,NA,meta_did,TRUE,treatment,FALSE,TRUE,FALSE,TRUE,pooled,estimated,differenced,NA,TRUE,summary,NA,NA,NA,NA,NA,NA,NA,NA,NA,NA,NA,NA,NA,NA,NA,NA,NA,NA,NA,NA,NA,NA,NA,NA,NA,NA,NA,NA,NA,NA,NA,NA,NA,NA
F7,F,"Large mixed, design effects: 35 DiD + 35 RCT + 30 PP with offsets",robust,metadid,35,35,30,-0.15,0.03,-0.04,0.02,0.45,0.05,0.12,0.5,0,100,100,NA,NA,meta_did,TRUE,treatment,TRUE,TRUE,FALSE,TRUE,pooled,estimated,differenced,NA,TRUE,summary,NA,NA,NA,NA,NA,NA,NA,NA,NA,NA,NA,NA,NA,NA,NA,NA,NA,NA,NA,NA,NA,NA,NA,NA,NA,NA,NA,NA,NA,NA,NA,NA,NA,NA
F8,F,"Large DiD-only, correlated effects: 200 studies, rho_effect_trend = 0.95",default,metadid,200,0,0,-0.15,0.03,-0.04,0.02,0.45,0,0.12,0.5,0.95,100,100,NA,NA,meta_did_general,TRUE,treatment,FALSE,FALSE,TRUE,TRUE,pooled,estimated,differenced,NA,TRUE,summary,NA,NA,NA,NA,NA,NA,NA,NA,NA,NA,NA,NA,NA,NA,NA,NA,NA,NA,NA,NA,NA,NA,NA,NA,NA,NA,NA,NA,NA,NA,NA,NA,NA,NA
B1,B,"Naive vs full: PP-heavy, large trend (full should win)",full,metadid,5,0,25,-0.15,0.03,-0.1,0.01,0.45,0.05,0.12,0.5,0,100,100,NA,NA,meta_did,TRUE,treatment,FALSE,FALSE,FALSE,TRUE,pooled,estimated,differenced,NA,TRUE,summary,full,NA,NA,NA,NA,NA,NA,NA,NA,NA,NA,NA,NA,NA,NA,NA,NA,NA,NA,NA,NA,NA,NA,NA,NA,NA,NA,NA,NA,NA,NA,NA,NA,NA
B1,B,"Naive vs full: PP-heavy, large trend (full should win)",naive,metadid,5,0,25,-0.15,0.03,-0.1,0.01,0.45,0.05,0.12,0.5,0,100,100,NA,NA,meta_did_general,TRUE,treatment,FALSE,FALSE,FALSE,TRUE,fixed_zero,fixed_zero,differenced,NA,TRUE,summary,naive,NA,NA,NA,NA,NA,NA,NA,NA,NA,NA,NA,NA,NA,NA,NA,NA,NA,NA,NA,NA,NA,NA,NA,NA,NA,NA,NA,NA,NA,NA,NA,NA,NA
B2,B,"Naive vs full: assumptions satisfied (zero trend, equal baselines)",full,metadid,10,10,10,-0.15,0.03,0,0,0.45,0,0.12,0.5,0,100,100,NA,NA,meta_did,TRUE,treatment,FALSE,FALSE,FALSE,TRUE,pooled,estimated,differenced,NA,TRUE,summary,full,NA,NA,NA,NA,NA,NA,NA,NA,NA,NA,NA,NA,NA,NA,NA,NA,NA,NA,NA,NA,NA,NA,NA,NA,NA,NA,NA,NA,NA,NA,NA,NA,NA
B2,B,"Naive vs full: assumptions satisfied (zero trend, equal baselines)",naive,metadid,10,10,10,-0.15,0.03,0,0,0.45,0,0.12,0.5,0,100,100,NA,NA,meta_did_general,TRUE,treatment,FALSE,FALSE,FALSE,TRUE,fixed_zero,fixed_zero,differenced,NA,TRUE,summary,naive,NA,NA,NA,NA,NA,NA,NA,NA,NA,NA,NA,NA,NA,NA,NA,NA,NA,NA,NA,NA,NA,NA,NA,NA,NA,NA,NA,NA,NA,NA,NA,NA,NA
B3,B,"Naive wins: DiD trend = 0, PP trend = -0.10 (pooled borrows wrong trend)",full,bespoke,10,0,10,-0.15,0.03,-0.04,0.02,0.45,0.05,0.12,0.5,0,100,100,NA,NA,meta_did,TRUE,treatment,FALSE,FALSE,FALSE,TRUE,pooled,estimated,differenced,NA,TRUE,summary,full,simulate_divergent_trends,0,-0.1,NA,NA,NA,NA,NA,NA,NA,NA,NA,NA,NA,NA,NA,NA,NA,NA,NA,NA,NA,NA,NA,NA,NA,NA,NA,NA,NA,NA,NA,NA
B3,B,"Naive wins: DiD trend = 0, PP trend = -0.10 (pooled borrows wrong trend)",naive,bespoke,10,0,10,-0.15,0.03,-0.04,0.02,0.45,0.05,0.12,0.5,0,100,100,NA,NA,meta_did_general,TRUE,treatment,FALSE,FALSE,FALSE,TRUE,fixed_zero,fixed_zero,differenced,NA,TRUE,summary,naive,simulate_divergent_trends,0,-0.1,NA,NA,NA,NA,NA,NA,NA,NA,NA,NA,NA,NA,NA,NA,NA,NA,NA,NA,NA,NA,NA,NA,NA,NA,NA,NA,NA,NA,NA,NA
B4,B,Correlated vs independent effects: rho_effect_trend = 0.95,correlated,metadid,30,0,0,-0.15,0.03,-0.04,0.02,0.45,0,0.12,0.5,0.95,100,100,NA,NA,meta_did_general,TRUE,treatment,FALSE,FALSE,TRUE,TRUE,pooled,estimated,differenced,NA,TRUE,summary,correlated,NA,NA,NA,NA,NA,NA,NA,NA,NA,NA,NA,NA,NA,NA,NA,NA,NA,NA,NA,NA,NA,NA,NA,NA,NA,NA,NA,NA,NA,NA,NA,NA,NA
B4,B,Correlated vs independent effects: rho_effect_trend = 0.95,independent,metadid,30,0,0,-0.15,0.03,-0.04,0.02,0.45,0,0.12,0.5,0.95,100,100,NA,NA,meta_did,TRUE,treatment,FALSE,FALSE,FALSE,TRUE,pooled,estimated,differenced,NA,TRUE,summary,independent,NA,NA,NA,NA,NA,NA,NA,NA,NA,NA,NA,NA,NA,NA,NA,NA,NA,NA,NA,NA,NA,NA,NA,NA,NA,NA,NA,NA,NA,NA,NA,NA,NA
B5,B,"RCT baseline imbalance (only in this design): full (estimated) vs naive (fixed zero), 10 DiD + 10 RCT",full,bespoke,10,10,0,-0.15,0.03,-0.04,0.02,0.45,0.05,0.12,0.5,0,100,100,NA,NA,meta_did,TRUE,treatment,FALSE,FALSE,FALSE,TRUE,pooled,estimated,differenced,NA,TRUE,summary,full,simulate_rct_imbalance,NA,NA,0.05,0.02,NA,NA,NA,NA,NA,NA,NA,NA,NA,NA,NA,NA,NA,NA,NA,NA,NA,NA,NA,NA,NA,NA,NA,NA,NA,NA,NA,NA
B5,B,"RCT baseline imbalance (only in this design): full (estimated) vs naive (fixed zero), 10 DiD + 10 RCT",naive,bespoke,10,10,0,-0.15,0.03,-0.04,0.02,0.45,0.05,0.12,0.5,0,100,100,NA,NA,meta_did_general,TRUE,treatment,FALSE,FALSE,FALSE,TRUE,pooled,fixed_zero,differenced,NA,TRUE,summary,naive,simulate_rct_imbalance,NA,NA,0.05,0.02,NA,NA,NA,NA,NA,NA,NA,NA,NA,NA,NA,NA,NA,NA,NA,NA,NA,NA,NA,NA,NA,NA,NA,NA,NA,NA,NA,NA
B6,B,"DiD imbalance > RCT imbalance: full vs naive, 15 DiD + 15 RCT",full,bespoke,15,15,0,-0.15,0.03,-0.04,0.02,0.45,0.05,0.12,0.5,0,100,100,NA,NA,meta_did,TRUE,treatment,FALSE,FALSE,FALSE,TRUE,pooled,estimated,differenced,NA,TRUE,summary,full,simulate_did_rct_imbalance,NA,NA,0.01,0.01,0.08,0.02,NA,NA,NA,NA,NA,NA,NA,NA,NA,NA,NA,NA,NA,NA,NA,NA,NA,NA,NA,NA,NA,NA,NA,NA,NA,NA
B6,B,"DiD imbalance > RCT imbalance: full vs naive, 15 DiD + 15 RCT",naive,bespoke,15,15,0,-0.15,0.03,-0.04,0.02,0.45,0.05,0.12,0.5,0,100,100,NA,NA,meta_did_general,TRUE,treatment,FALSE,FALSE,FALSE,TRUE,pooled,fixed_zero,differenced,NA,TRUE,summary,naive,simulate_did_rct_imbalance,NA,NA,0.01,0.01,0.08,0.02,NA,NA,NA,NA,NA,NA,NA,NA,NA,NA,NA,NA,NA,NA,NA,NA,NA,NA,NA,NA,NA,NA,NA,NA,NA,NA
B7,B,"Baseline-latent-arm parameterisation: treatment vs control, 30 DiD",treatment_latent,metadid,30,0,0,-0.15,0.03,-0.04,0.02,0.45,0.05,0.12,0.5,0,100,100,NA,NA,meta_did,TRUE,treatment,FALSE,FALSE,FALSE,TRUE,pooled,estimated,differenced,NA,TRUE,summary,treatment_latent,NA,NA,NA,NA,NA,NA,NA,NA,NA,NA,NA,NA,NA,NA,NA,NA,NA,NA,NA,NA,NA,NA,NA,NA,NA,NA,NA,NA,NA,NA,NA,NA,NA
B7,B,"Baseline-latent-arm parameterisation: treatment vs control, 30 DiD",control_latent,metadid,30,0,0,-0.15,0.03,-0.04,0.02,0.45,0.05,0.12,0.5,0,100,100,NA,NA,meta_did,TRUE,control,FALSE,FALSE,FALSE,TRUE,pooled,estimated,differenced,NA,TRUE,summary,control_latent,NA,NA,NA,NA,NA,NA,NA,NA,NA,NA,NA,NA,NA,NA,NA,NA,NA,NA,NA,NA,NA,NA,NA,NA,NA,NA,NA,NA,NA,NA,NA,NA,NA
C1,C,Single outlier: one study shifted by 5*sigma_effect,normal,bespoke,20,0,0,-0.15,0.03,-0.04,0.02,0.45,0.05,0.12,0.5,0,100,100,NA,NA,meta_did,TRUE,treatment,FALSE,FALSE,FALSE,TRUE,pooled,estimated,differenced,NA,TRUE,summary,normal,simulate_with_outliers,NA,NA,NA,NA,NA,NA,1,5,NA,NA,NA,NA,NA,NA,NA,NA,NA,NA,NA,NA,NA,NA,NA,NA,NA,NA,NA,NA,NA,NA,NA,NA
C1,C,Single outlier: one study shifted by 5*sigma_effect,robust,bespoke,20,0,0,-0.15,0.03,-0.04,0.02,0.45,0.05,0.12,0.5,0,100,100,NA,NA,meta_did,TRUE,treatment,TRUE,FALSE,FALSE,TRUE,pooled,estimated,differenced,NA,TRUE,summary,robust,simulate_with_outliers,NA,NA,NA,NA,NA,NA,1,5,NA,NA,NA,NA,NA,NA,NA,NA,NA,NA,NA,NA,NA,NA,NA,NA,NA,NA,NA,NA,NA,NA,NA,NA
C2,C,Multiple outliers: 3 of 20 from contaminating distribution,normal,bespoke,20,0,0,-0.15,0.03,-0.04,0.02,0.45,0.05,0.12,0.5,0,100,100,NA,NA,meta_did,TRUE,treatment,FALSE,FALSE,FALSE,TRUE,pooled,estimated,differenced,NA,TRUE,summary,normal,simulate_with_outliers,NA,NA,NA,NA,NA,NA,3,5,NA,NA,NA,NA,NA,NA,NA,NA,NA,NA,NA,NA,NA,NA,NA,NA,NA,NA,NA,NA,NA,NA,NA,NA
C2,C,Multiple outliers: 3 of 20 from contaminating distribution,robust,bespoke,20,0,0,-0.15,0.03,-0.04,0.02,0.45,0.05,0.12,0.5,0,100,100,NA,NA,meta_did,TRUE,treatment,TRUE,FALSE,FALSE,TRUE,pooled,estimated,differenced,NA,TRUE,summary,robust,simulate_with_outliers,NA,NA,NA,NA,NA,NA,3,5,NA,NA,NA,NA,NA,NA,NA,NA,NA,NA,NA,NA,NA,NA,NA,NA,NA,NA,NA,NA,NA,NA,NA,NA
C3,C,Heavy-tailed study effects: theta_i ~ t(df=3),normal,bespoke,20,0,0,-0.15,0.03,-0.04,0.02,0.45,0.05,0.12,0.5,0,100,100,NA,NA,meta_did,TRUE,treatment,FALSE,FALSE,FALSE,TRUE,pooled,estimated,differenced,NA,TRUE,summary,normal,simulate_t_effects,NA,NA,NA,NA,NA,NA,NA,NA,3,NA,NA,NA,NA,NA,NA,NA,NA,NA,NA,NA,NA,NA,NA,NA,NA,NA,NA,NA,NA,NA,NA,NA
C3,C,Heavy-tailed study effects: theta_i ~ t(df=3),robust,bespoke,20,0,0,-0.15,0.03,-0.04,0.02,0.45,0.05,0.12,0.5,0,100,100,NA,NA,meta_did,TRUE,treatment,TRUE,FALSE,FALSE,TRUE,pooled,estimated,differenced,NA,TRUE,summary,robust,simulate_t_effects,NA,NA,NA,NA,NA,NA,NA,NA,3,NA,NA,NA,NA,NA,NA,NA,NA,NA,NA,NA,NA,NA,NA,NA,NA,NA,NA,NA,NA,NA,NA,NA
C4,C,Heavy-tailed within-study errors: observations ~ t(df=5),normal,bespoke,20,0,0,-0.15,0.03,-0.04,0.02,0.45,0.05,0.12,0.5,0,100,100,NA,NA,meta_did,TRUE,treatment,FALSE,FALSE,FALSE,TRUE,pooled,estimated,differenced,NA,TRUE,summary,normal,simulate_t_likelihood,NA,NA,NA,NA,NA,NA,NA,NA,NA,5,NA,NA,NA,NA,NA,NA,NA,NA,NA,NA,NA,NA,NA,NA,NA,NA,NA,NA,NA,NA,NA,NA
C4,C,Heavy-tailed within-study errors: observations ~ t(df=5),robust,bespoke,20,0,0,-0.15,0.03,-0.04,0.02,0.45,0.05,0.12,0.5,0,100,100,NA,NA,meta_did,TRUE,treatment,TRUE,FALSE,FALSE,TRUE,pooled,estimated,differenced,NA,TRUE,summary,robust,simulate_t_likelihood,NA,NA,NA,NA,NA,NA,NA,NA,NA,5,NA,NA,NA,NA,NA,NA,NA,NA,NA,NA,NA,NA,NA,NA,NA,NA,NA,NA,NA,NA,NA,NA
C5,C,Outlier + small sample: single outlier among 5 studies,normal,bespoke,5,0,0,-0.15,0.03,-0.04,0.02,0.45,0.05,0.12,0.5,0,100,100,NA,NA,meta_did,TRUE,treatment,FALSE,FALSE,FALSE,TRUE,pooled,estimated,differenced,NA,TRUE,summary,normal,simulate_with_outliers,NA,NA,NA,NA,NA,NA,1,5,NA,NA,NA,NA,NA,NA,NA,NA,NA,NA,NA,NA,NA,NA,NA,NA,NA,NA,NA,NA,NA,NA,NA,NA
C5,C,Outlier + small sample: single outlier among 5 studies,robust,bespoke,5,0,0,-0.15,0.03,-0.04,0.02,0.45,0.05,0.12,0.5,0,100,100,NA,NA,meta_did,TRUE,treatment,TRUE,FALSE,FALSE,TRUE,pooled,estimated,differenced,NA,TRUE,summary,robust,simulate_with_outliers,NA,NA,NA,NA,NA,NA,1,5,NA,NA,NA,NA,NA,NA,NA,NA,NA,NA,NA,NA,NA,NA,NA,NA,NA,NA,NA,NA,NA,NA,NA,NA
C6,C,Asymmetric contamination: outliers all biased in same direction,normal,bespoke,20,0,0,-0.15,0.03,-0.04,0.02,0.45,0.05,0.12,0.5,0,100,100,NA,NA,meta_did,TRUE,treatment,FALSE,FALSE,FALSE,TRUE,pooled,estimated,differenced,NA,TRUE,summary,normal,simulate_with_outliers,NA,NA,NA,NA,NA,NA,3,5,NA,NA,positive,NA,NA,NA,NA,NA,NA,NA,NA,NA,NA,NA,NA,NA,NA,NA,NA,NA,NA,NA,NA,NA
C6,C,Asymmetric contamination: outliers all biased in same direction,robust,bespoke,20,0,0,-0.15,0.03,-0.04,0.02,0.45,0.05,0.12,0.5,0,100,100,NA,NA,meta_did,TRUE,treatment,TRUE,FALSE,FALSE,TRUE,pooled,estimated,differenced,NA,TRUE,summary,robust,simulate_with_outliers,NA,NA,NA,NA,NA,NA,3,5,NA,NA,positive,NA,NA,NA,NA,NA,NA,NA,NA,NA,NA,NA,NA,NA,NA,NA,NA,NA,NA,NA,NA,NA
C7,C,"Outlier in one design: 10 DiD + 10 PP, outliers only among PP",normal,bespoke,10,0,10,-0.15,0.03,-0.04,0.02,0.45,0.05,0.12,0.5,0,100,100,NA,NA,meta_did,TRUE,treatment,FALSE,FALSE,FALSE,TRUE,pooled,estimated,differenced,NA,TRUE,summary,normal,simulate_design_outliers,NA,NA,NA,NA,NA,NA,NA,5,NA,NA,NA,2,NA,NA,NA,NA,NA,NA,NA,NA,NA,NA,NA,NA,NA,NA,NA,NA,NA,NA,NA,NA
C7,C,"Outlier in one design: 10 DiD + 10 PP, outliers only among PP",robust,bespoke,10,0,10,-0.15,0.03,-0.04,0.02,0.45,0.05,0.12,0.5,0,100,100,NA,NA,meta_did,TRUE,treatment,TRUE,FALSE,FALSE,TRUE,pooled,estimated,differenced,NA,TRUE,summary,robust,simulate_design_outliers,NA,NA,NA,NA,NA,NA,NA,5,NA,NA,NA,2,NA,NA,NA,NA,NA,NA,NA,NA,NA,NA,NA,NA,NA,NA,NA,NA,NA,NA,NA,NA
C8,C,Heavy-tailed time trends: beta_i ~ t(df=3),normal,bespoke,20,0,0,-0.15,0.03,-0.04,0.02,0.45,0.05,0.12,0.5,0,100,100,NA,NA,meta_did,TRUE,treatment,FALSE,FALSE,FALSE,TRUE,pooled,estimated,differenced,NA,TRUE,summary,normal,simulate_t_trends,NA,NA,NA,NA,NA,NA,NA,NA,NA,NA,NA,NA,3,NA,NA,NA,NA,NA,NA,NA,NA,NA,NA,NA,NA,NA,NA,NA,NA,NA,NA,NA
C8,C,Heavy-tailed time trends: beta_i ~ t(df=3),robust,bespoke,20,0,0,-0.15,0.03,-0.04,0.02,0.45,0.05,0.12,0.5,0,100,100,NA,NA,meta_did,TRUE,treatment,TRUE,FALSE,FALSE,TRUE,pooled,estimated,differenced,NA,TRUE,summary,robust,simulate_t_trends,NA,NA,NA,NA,NA,NA,NA,NA,NA,NA,NA,NA,3,NA,NA,NA,NA,NA,NA,NA,NA,NA,NA,NA,NA,NA,NA,NA,NA,NA,NA,NA
D1,D,"Design-specific effects ignored: RCT/PP shifted, design_effects=FALSE",default,bespoke,10,10,10,-0.15,0.03,-0.04,0.02,0.45,0.05,0.12,0.5,0,100,100,NA,NA,meta_did,TRUE,treatment,FALSE,FALSE,FALSE,TRUE,pooled,estimated,differenced,NA,TRUE,summary,NA,simulate_design_offsets,NA,NA,NA,NA,NA,NA,NA,NA,NA,NA,NA,NA,NA,0.1,-0.08,NA,NA,NA,NA,NA,NA,NA,NA,NA,NA,NA,NA,NA,NA,NA,NA,NA
D1,D,"Design-specific effects ignored: RCT/PP shifted, design_effects=FALSE",naive,bespoke,10,10,10,-0.15,0.03,-0.04,0.02,0.45,0.05,0.12,0.5,0,100,100,NA,NA,meta_did_general,TRUE,treatment,FALSE,FALSE,FALSE,TRUE,fixed_zero,fixed_zero,differenced,NA,TRUE,summary,NA,simulate_design_offsets,NA,NA,NA,NA,NA,NA,NA,NA,NA,NA,NA,NA,NA,0.1,-0.08,NA,NA,NA,NA,NA,NA,NA,NA,NA,NA,NA,NA,NA,NA,NA,NA,NA
D1,D,"Design-specific effects ignored: RCT/PP shifted, design_effects=FALSE",robust,bespoke,10,10,10,-0.15,0.03,-0.04,0.02,0.45,0.05,0.12,0.5,0,100,100,NA,NA,meta_did,TRUE,treatment,TRUE,FALSE,FALSE,TRUE,pooled,estimated,differenced,NA,TRUE,summary,NA,simulate_design_offsets,NA,NA,NA,NA,NA,NA,NA,NA,NA,NA,NA,NA,NA,0.1,-0.08,NA,NA,NA,NA,NA,NA,NA,NA,NA,NA,NA,NA,NA,NA,NA,NA,NA
D2,D,Heterogeneous within-study variance: sigma_within drawn from Gamma,default,bespoke,20,0,0,-0.15,0.03,-0.04,0.02,0.45,0.05,0.12,0.5,0,100,100,NA,NA,meta_did,TRUE,treatment,FALSE,FALSE,FALSE,TRUE,pooled,estimated,differenced,NA,TRUE,summary,NA,simulate_hetero_variance,NA,NA,NA,NA,NA,NA,NA,NA,NA,NA,NA,NA,NA,NA,NA,4,33.3333333333333,NA,NA,NA,NA,NA,NA,NA,NA,NA,NA,NA,NA,NA,NA,NA
D2,D,Heterogeneous within-study variance: sigma_within drawn from Gamma,naive,bespoke,20,0,0,-0.15,0.03,-0.04,0.02,0.45,0.05,0.12,0.5,0,100,100,NA,NA,meta_did_general,TRUE,treatment,FALSE,FALSE,FALSE,TRUE,fixed_zero,fixed_zero,differenced,NA,TRUE,summary,NA,simulate_hetero_variance,NA,NA,NA,NA,NA,NA,NA,NA,NA,NA,NA,NA,NA,NA,NA,4,33.3333333333333,NA,NA,NA,NA,NA,NA,NA,NA,NA,NA,NA,NA,NA,NA,NA
D2,D,Heterogeneous within-study variance: sigma_within drawn from Gamma,robust,bespoke,20,0,0,-0.15,0.03,-0.04,0.02,0.45,0.05,0.12,0.5,0,100,100,NA,NA,meta_did,TRUE,treatment,TRUE,FALSE,FALSE,TRUE,pooled,estimated,differenced,NA,TRUE,summary,NA,simulate_hetero_variance,NA,NA,NA,NA,NA,NA,NA,NA,NA,NA,NA,NA,NA,NA,NA,4,33.3333333333333,NA,NA,NA,NA,NA,NA,NA,NA,NA,NA,NA,NA,NA,NA,NA
D3,D,Misspecified rho: true rho varies by study (Beta distribution),default,bespoke,20,0,0,-0.15,0.03,-0.04,0.02,0.45,0.05,0.12,0.5,0,100,100,NA,NA,meta_did,TRUE,treatment,FALSE,FALSE,FALSE,TRUE,pooled,estimated,differenced,NA,TRUE,summary,NA,simulate_varying_rho,NA,NA,NA,NA,NA,NA,NA,NA,NA,NA,NA,NA,NA,NA,NA,NA,NA,5,5,NA,NA,NA,NA,NA,NA,NA,NA,NA,NA,NA,NA,NA
D3,D,Misspecified rho: true rho varies by study (Beta distribution),naive,bespoke,20,0,0,-0.15,0.03,-0.04,0.02,0.45,0.05,0.12,0.5,0,100,100,NA,NA,meta_did_general,TRUE,treatment,FALSE,FALSE,FALSE,TRUE,fixed_zero,fixed_zero,differenced,NA,TRUE,summary,NA,simulate_varying_rho,NA,NA,NA,NA,NA,NA,NA,NA,NA,NA,NA,NA,NA,NA,NA,NA,NA,5,5,NA,NA,NA,NA,NA,NA,NA,NA,NA,NA,NA,NA,NA
D3,D,Misspecified rho: true rho varies by study (Beta distribution),robust,bespoke,20,0,0,-0.15,0.03,-0.04,0.02,0.45,0.05,0.12,0.5,0,100,100,NA,NA,meta_did,TRUE,treatment,TRUE,FALSE,FALSE,TRUE,pooled,estimated,differenced,NA,TRUE,summary,NA,simulate_varying_rho,NA,NA,NA,NA,NA,NA,NA,NA,NA,NA,NA,NA,NA,NA,NA,NA,NA,5,5,NA,NA,NA,NA,NA,NA,NA,NA,NA,NA,NA,NA,NA
D4,D,Effect heterogeneity correlated with sample size,default,bespoke,20,0,0,-0.15,0.03,-0.04,0.02,0.45,0.05,0.12,0.5,0,100,100,NA,NA,meta_did,TRUE,treatment,FALSE,FALSE,FALSE,TRUE,pooled,estimated,differenced,NA,TRUE,summary,NA,simulate_size_effect_corr,NA,NA,NA,NA,NA,NA,NA,NA,NA,NA,NA,NA,NA,NA,NA,NA,NA,NA,NA,0.001,NA,NA,NA,NA,NA,NA,NA,NA,NA,NA,NA,NA
D4,D,Effect heterogeneity correlated with sample size,naive,bespoke,20,0,0,-0.15,0.03,-0.04,0.02,0.45,0.05,0.12,0.5,0,100,100,NA,NA,meta_did_general,TRUE,treatment,FALSE,FALSE,FALSE,TRUE,fixed_zero,fixed_zero,differenced,NA,TRUE,summary,NA,simulate_size_effect_corr,NA,NA,NA,NA,NA,NA,NA,NA,NA,NA,NA,NA,NA,NA,NA,NA,NA,NA,NA,0.001,NA,NA,NA,NA,NA,NA,NA,NA,NA,NA,NA,NA
D4,D,Effect heterogeneity correlated with sample size,robust,bespoke,20,0,0,-0.15,0.03,-0.04,0.02,0.45,0.05,0.12,0.5,0,100,100,NA,NA,meta_did,TRUE,treatment,TRUE,FALSE,FALSE,TRUE,pooled,estimated,differenced,NA,TRUE,summary,NA,simulate_size_effect_corr,NA,NA,NA,NA,NA,NA,NA,NA,NA,NA,NA,NA,NA,NA,NA,NA,NA,NA,NA,0.001,NA,NA,NA,NA,NA,NA,NA,NA,NA,NA,NA,NA
D5,D,Baseline imbalance in RCT with baseline_imbalance='fixed_zero',default,bespoke,10,10,0,-0.15,0.03,-0.04,0.02,0.45,0.05,0.12,0.5,0,100,100,NA,NA,meta_did_general,TRUE,treatment,FALSE,FALSE,FALSE,TRUE,pooled,fixed_zero,differenced,NA,TRUE,summary,NA,simulate_rct_imbalance,NA,NA,0.05,0.02,NA,NA,NA,NA,NA,NA,NA,NA,NA,NA,NA,NA,NA,NA,NA,NA,NA,NA,NA,NA,NA,NA,NA,NA,NA,NA,NA,NA
D5,D,Baseline imbalance in RCT with baseline_imbalance='fixed_zero',naive,bespoke,10,10,0,-0.15,0.03,-0.04,0.02,0.45,0.05,0.12,0.5,0,100,100,NA,NA,meta_did_general,TRUE,treatment,FALSE,FALSE,FALSE,TRUE,fixed_zero,fixed_zero,differenced,NA,TRUE,summary,NA,simulate_rct_imbalance,NA,NA,0.05,0.02,NA,NA,NA,NA,NA,NA,NA,NA,NA,NA,NA,NA,NA,NA,NA,NA,NA,NA,NA,NA,NA,NA,NA,NA,NA,NA,NA,NA
D5,D,Baseline imbalance in RCT with baseline_imbalance='fixed_zero',robust,bespoke,10,10,0,-0.15,0.03,-0.04,0.02,0.45,0.05,0.12,0.5,0,100,100,NA,NA,meta_did_general,TRUE,treatment,TRUE,FALSE,FALSE,TRUE,pooled,fixed_zero,differenced,NA,TRUE,summary,NA,simulate_rct_imbalance,NA,NA,0.05,0.02,NA,NA,NA,NA,NA,NA,NA,NA,NA,NA,NA,NA,NA,NA,NA,NA,NA,NA,NA,NA,NA,NA,NA,NA,NA,NA,NA,NA
E1,E,Extreme rho: pre-post correlation near 0 and near 1,default,bespoke,20,0,0,-0.15,0.03,-0.04,0.02,0.45,0.05,0.12,0.5,0,100,100,NA,NA,meta_did,TRUE,treatment,FALSE,FALSE,FALSE,TRUE,pooled,estimated,differenced,NA,TRUE,summary,NA,simulate_extreme_rho,NA,NA,NA,NA,NA,NA,NA,NA,NA,NA,NA,NA,NA,NA,NA,NA,NA,NA,NA,NA,0.02;0.98,NA,NA,NA,NA,NA,NA,NA,NA,NA,NA,NA
E1,E,Extreme rho: pre-post correlation near 0 and near 1,naive,bespoke,20,0,0,-0.15,0.03,-0.04,0.02,0.45,0.05,0.12,0.5,0,100,100,NA,NA,meta_did_general,TRUE,treatment,FALSE,FALSE,FALSE,TRUE,fixed_zero,fixed_zero,differenced,NA,TRUE,summary,NA,simulate_extreme_rho,NA,NA,NA,NA,NA,NA,NA,NA,NA,NA,NA,NA,NA,NA,NA,NA,NA,NA,NA,NA,0.02;0.98,NA,NA,NA,NA,NA,NA,NA,NA,NA,NA,NA
E1,E,Extreme rho: pre-post correlation near 0 and near 1,robust,bespoke,20,0,0,-0.15,0.03,-0.04,0.02,0.45,0.05,0.12,0.5,0,100,100,NA,NA,meta_did,TRUE,treatment,TRUE,FALSE,FALSE,TRUE,pooled,estimated,differenced,NA,TRUE,summary,NA,simulate_extreme_rho,NA,NA,NA,NA,NA,NA,NA,NA,NA,NA,NA,NA,NA,NA,NA,NA,NA,NA,NA,NA,0.02;0.98,NA,NA,NA,NA,NA,NA,NA,NA,NA,NA,NA
E2,E,Zero heterogeneity: all studies have identical true effect,default,metadid,20,0,0,-0.15,0,-0.04,0,0.45,0,0.12,0.5,0,100,100,NA,NA,meta_did,TRUE,treatment,FALSE,FALSE,FALSE,TRUE,pooled,estimated,differenced,NA,TRUE,summary,NA,NA,NA,NA,NA,NA,NA,NA,NA,NA,NA,NA,NA,NA,NA,NA,NA,NA,NA,NA,NA,NA,NA,NA,NA,NA,NA,NA,NA,NA,NA,NA,NA,NA
E2,E,Zero heterogeneity: all studies have identical true effect,naive,metadid,20,0,0,-0.15,0,-0.04,0,0.45,0,0.12,0.5,0,100,100,NA,NA,meta_did_general,TRUE,treatment,FALSE,FALSE,FALSE,TRUE,fixed_zero,fixed_zero,differenced,NA,TRUE,summary,NA,NA,NA,NA,NA,NA,NA,NA,NA,NA,NA,NA,NA,NA,NA,NA,NA,NA,NA,NA,NA,NA,NA,NA,NA,NA,NA,NA,NA,NA,NA,NA,NA,NA
E2,E,Zero heterogeneity: all studies have identical true effect,robust,metadid,20,0,0,-0.15,0,-0.04,0,0.45,0,0.12,0.5,0,100,100,NA,NA,meta_did,TRUE,treatment,TRUE,FALSE,FALSE,TRUE,pooled,estimated,differenced,NA,TRUE,summary,NA,NA,NA,NA,NA,NA,NA,NA,NA,NA,NA,NA,NA,NA,NA,NA,NA,NA,NA,NA,NA,NA,NA,NA,NA,NA,NA,NA,NA,NA,NA,NA,NA,NA
E3,E,Large heterogeneity: tau >> typical effect size,default,metadid,20,0,0,-0.15,0.3,-0.04,0.1,0.45,0.05,0.12,0.5,0,100,100,NA,NA,meta_did,TRUE,treatment,FALSE,FALSE,FALSE,TRUE,pooled,estimated,differenced,NA,TRUE,summary,NA,NA,NA,NA,NA,NA,NA,NA,NA,NA,NA,NA,NA,NA,NA,NA,NA,NA,NA,NA,NA,NA,NA,NA,NA,NA,NA,NA,NA,NA,NA,NA,NA,NA
E3,E,Large heterogeneity: tau >> typical effect size,naive,metadid,20,0,0,-0.15,0.3,-0.04,0.1,0.45,0.05,0.12,0.5,0,100,100,NA,NA,meta_did_general,TRUE,treatment,FALSE,FALSE,FALSE,TRUE,fixed_zero,fixed_zero,differenced,NA,TRUE,summary,NA,NA,NA,NA,NA,NA,NA,NA,NA,NA,NA,NA,NA,NA,NA,NA,NA,NA,NA,NA,NA,NA,NA,NA,NA,NA,NA,NA,NA,NA,NA,NA,NA,NA
E3,E,Large heterogeneity: tau >> typical effect size,robust,metadid,20,0,0,-0.15,0.3,-0.04,0.1,0.45,0.05,0.12,0.5,0,100,100,NA,NA,meta_did,TRUE,treatment,TRUE,FALSE,FALSE,TRUE,pooled,estimated,differenced,NA,TRUE,summary,NA,NA,NA,NA,NA,NA,NA,NA,NA,NA,NA,NA,NA,NA,NA,NA,NA,NA,NA,NA,NA,NA,NA,NA,NA,NA,NA,NA,NA,NA,NA,NA,NA,NA
E4,E,"Unbalanced arms: n_treatment = 200, n_control = 30",default,metadid,20,0,0,-0.15,0.03,-0.04,0.02,0.45,0.05,0.12,0.5,0,30,200,NA,NA,meta_did,TRUE,treatment,FALSE,FALSE,FALSE,TRUE,pooled,estimated,differenced,NA,TRUE,summary,NA,NA,NA,NA,NA,NA,NA,NA,NA,NA,NA,NA,NA,NA,NA,NA,NA,NA,NA,NA,NA,NA,NA,NA,NA,NA,NA,NA,NA,NA,NA,NA,NA,NA
E4,E,"Unbalanced arms: n_treatment = 200, n_control = 30",naive,metadid,20,0,0,-0.15,0.03,-0.04,0.02,0.45,0.05,0.12,0.5,0,30,200,NA,NA,meta_did_general,TRUE,treatment,FALSE,FALSE,FALSE,TRUE,fixed_zero,fixed_zero,differenced,NA,TRUE,summary,NA,NA,NA,NA,NA,NA,NA,NA,NA,NA,NA,NA,NA,NA,NA,NA,NA,NA,NA,NA,NA,NA,NA,NA,NA,NA,NA,NA,NA,NA,NA,NA,NA,NA
E4,E,"Unbalanced arms: n_treatment = 200, n_control = 30",robust,metadid,20,0,0,-0.15,0.03,-0.04,0.02,0.45,0.05,0.12,0.5,0,30,200,NA,NA,meta_did,TRUE,treatment,TRUE,FALSE,FALSE,TRUE,pooled,estimated,differenced,NA,TRUE,summary,NA,NA,NA,NA,NA,NA,NA,NA,NA,NA,NA,NA,NA,NA,NA,NA,NA,NA,NA,NA,NA,NA,NA,NA,NA,NA,NA,NA,NA,NA,NA,NA,NA,NA
E5,E,Single study per design: 1 DiD + 1 RCT + 1 PP,default,metadid,1,1,1,-0.15,0.03,-0.04,0.02,0.45,0.05,0.12,0.5,0,100,100,NA,NA,meta_did,TRUE,treatment,FALSE,FALSE,FALSE,TRUE,pooled,estimated,differenced,NA,TRUE,summary,NA,NA,NA,NA,NA,NA,NA,NA,NA,NA,NA,NA,NA,NA,NA,NA,NA,NA,NA,NA,NA,NA,NA,NA,NA,NA,NA,NA,NA,NA,NA,NA,NA,NA
E5,E,Single study per design: 1 DiD + 1 RCT + 1 PP,naive,metadid,1,1,1,-0.15,0.03,-0.04,0.02,0.45,0.05,0.12,0.5,0,100,100,NA,NA,meta_did_general,TRUE,treatment,FALSE,FALSE,FALSE,TRUE,fixed_zero,fixed_zero,differenced,NA,TRUE,summary,NA,NA,NA,NA,NA,NA,NA,NA,NA,NA,NA,NA,NA,NA,NA,NA,NA,NA,NA,NA,NA,NA,NA,NA,NA,NA,NA,NA,NA,NA,NA,NA,NA,NA
E5,E,Single study per design: 1 DiD + 1 RCT + 1 PP,robust,metadid,1,1,1,-0.15,0.03,-0.04,0.02,0.45,0.05,0.12,0.5,0,100,100,NA,NA,meta_did,TRUE,treatment,TRUE,FALSE,FALSE,TRUE,pooled,estimated,differenced,NA,TRUE,summary,NA,NA,NA,NA,NA,NA,NA,NA,NA,NA,NA,NA,NA,NA,NA,NA,NA,NA,NA,NA,NA,NA,NA,NA,NA,NA,NA,NA,NA,NA,NA,NA,NA,NA
E6,E,Missing rho: hierarchical_rho imputes,default,metadid,20,0,0,-0.15,0.03,-0.04,0.02,0.45,0.05,0.12,0.5,0,100,100,NA,NA,meta_did,TRUE,treatment,FALSE,FALSE,FALSE,TRUE,pooled,estimated,differenced,NA,FALSE,summary,NA,NA,NA,NA,NA,NA,NA,NA,NA,NA,NA,NA,NA,NA,NA,NA,NA,NA,NA,NA,NA,NA,NA,NA,NA,NA,NA,NA,NA,NA,NA,NA,NA,NA
E6,E,Missing rho: hierarchical_rho imputes,naive,metadid,20,0,0,-0.15,0.03,-0.04,0.02,0.45,0.05,0.12,0.5,0,100,100,NA,NA,meta_did_general,TRUE,treatment,FALSE,FALSE,FALSE,TRUE,fixed_zero,fixed_zero,differenced,NA,TRUE,summary,NA,NA,NA,NA,NA,NA,NA,NA,NA,NA,NA,NA,NA,NA,NA,NA,NA,NA,NA,NA,NA,NA,NA,NA,NA,NA,NA,NA,NA,NA,NA,NA,NA,NA
E6,E,Missing rho: hierarchical_rho imputes,robust,metadid,20,0,0,-0.15,0.03,-0.04,0.02,0.45,0.05,0.12,0.5,0,100,100,NA,NA,meta_did,TRUE,treatment,TRUE,FALSE,FALSE,TRUE,pooled,estimated,differenced,NA,FALSE,summary,NA,NA,NA,NA,NA,NA,NA,NA,NA,NA,NA,NA,NA,NA,NA,NA,NA,NA,NA,NA,NA,NA,NA,NA,NA,NA,NA,NA,NA,NA,NA,NA,NA,NA
A14,A,"Positive effect: true_effect = +0.15, trend = -0.04",default,metadid,20,0,0,0.15,0.03,-0.04,0.02,0.45,0.05,0.12,0.5,0,100,100,NA,NA,meta_did,TRUE,treatment,FALSE,FALSE,FALSE,TRUE,pooled,estimated,differenced,NA,TRUE,summary,NA,NA,NA,NA,NA,NA,NA,NA,NA,NA,NA,NA,NA,NA,NA,NA,NA,NA,NA,NA,NA,NA,NA,NA,NA,NA,NA,NA,NA,NA,NA,NA,NA,NA
A14,A,"Positive effect: true_effect = +0.15, trend = -0.04",naive,metadid,20,0,0,0.15,0.03,-0.04,0.02,0.45,0.05,0.12,0.5,0,100,100,NA,NA,meta_did_general,TRUE,treatment,FALSE,FALSE,FALSE,TRUE,fixed_zero,fixed_zero,differenced,NA,TRUE,summary,NA,NA,NA,NA,NA,NA,NA,NA,NA,NA,NA,NA,NA,NA,NA,NA,NA,NA,NA,NA,NA,NA,NA,NA,NA,NA,NA,NA,NA,NA,NA,NA,NA,NA
A14,A,"Positive effect: true_effect = +0.15, trend = -0.04",robust,metadid,20,0,0,0.15,0.03,-0.04,0.02,0.45,0.05,0.12,0.5,0,100,100,NA,NA,meta_did,TRUE,treatment,TRUE,FALSE,FALSE,TRUE,pooled,estimated,differenced,NA,TRUE,summary,NA,NA,NA,NA,NA,NA,NA,NA,NA,NA,NA,NA,NA,NA,NA,NA,NA,NA,NA,NA,NA,NA,NA,NA,NA,NA,NA,NA,NA,NA,NA,NA,NA,NA
A15,A,"Null effect: true_effect = 0, trend = -0.04",default,metadid,20,0,0,0,0.03,-0.04,0.02,0.45,0.05,0.12,0.5,0,100,100,NA,NA,meta_did,TRUE,treatment,FALSE,FALSE,FALSE,TRUE,pooled,estimated,differenced,NA,TRUE,summary,NA,NA,NA,NA,NA,NA,NA,NA,NA,NA,NA,NA,NA,NA,NA,NA,NA,NA,NA,NA,NA,NA,NA,NA,NA,NA,NA,NA,NA,NA,NA,NA,NA,NA
A15,A,"Null effect: true_effect = 0, trend = -0.04",naive,metadid,20,0,0,0,0.03,-0.04,0.02,0.45,0.05,0.12,0.5,0,100,100,NA,NA,meta_did_general,TRUE,treatment,FALSE,FALSE,FALSE,TRUE,fixed_zero,fixed_zero,differenced,NA,TRUE,summary,NA,NA,NA,NA,NA,NA,NA,NA,NA,NA,NA,NA,NA,NA,NA,NA,NA,NA,NA,NA,NA,NA,NA,NA,NA,NA,NA,NA,NA,NA,NA,NA,NA,NA
A15,A,"Null effect: true_effect = 0, trend = -0.04",robust,metadid,20,0,0,0,0.03,-0.04,0.02,0.45,0.05,0.12,0.5,0,100,100,NA,NA,meta_did,TRUE,treatment,TRUE,FALSE,FALSE,TRUE,pooled,estimated,differenced,NA,TRUE,summary,NA,NA,NA,NA,NA,NA,NA,NA,NA,NA,NA,NA,NA,NA,NA,NA,NA,NA,NA,NA,NA,NA,NA,NA,NA,NA,NA,NA,NA,NA,NA,NA,NA,NA
A16,A,"Positive trend: true_effect = -0.15, trend = +0.04",default,metadid,20,0,0,-0.15,0.03,0.04,0.02,0.45,0.05,0.12,0.5,0,100,100,NA,NA,meta_did,TRUE,treatment,FALSE,FALSE,FALSE,TRUE,pooled,estimated,differenced,NA,TRUE,summary,NA,NA,NA,NA,NA,NA,NA,NA,NA,NA,NA,NA,NA,NA,NA,NA,NA,NA,NA,NA,NA,NA,NA,NA,NA,NA,NA,NA,NA,NA,NA,NA,NA,NA
A16,A,"Positive trend: true_effect = -0.15, trend = +0.04",naive,metadid,20,0,0,-0.15,0.03,0.04,0.02,0.45,0.05,0.12,0.5,0,100,100,NA,NA,meta_did_general,TRUE,treatment,FALSE,FALSE,FALSE,TRUE,fixed_zero,fixed_zero,differenced,NA,TRUE,summary,NA,NA,NA,NA,NA,NA,NA,NA,NA,NA,NA,NA,NA,NA,NA,NA,NA,NA,NA,NA,NA,NA,NA,NA,NA,NA,NA,NA,NA,NA,NA,NA,NA,NA
A16,A,"Positive trend: true_effect = -0.15, trend = +0.04",robust,metadid,20,0,0,-0.15,0.03,0.04,0.02,0.45,0.05,0.12,0.5,0,100,100,NA,NA,meta_did,TRUE,treatment,TRUE,FALSE,FALSE,TRUE,pooled,estimated,differenced,NA,TRUE,summary,NA,NA,NA,NA,NA,NA,NA,NA,NA,NA,NA,NA,NA,NA,NA,NA,NA,NA,NA,NA,NA,NA,NA,NA,NA,NA,NA,NA,NA,NA,NA,NA,NA,NA
A17,A,"Sign mismatch: negative effect (-0.15) with positive trend (+0.04), PP-heavy",default,metadid,10,0,20,-0.15,0.03,0.04,0.02,0.45,0.05,0.12,0.5,0,100,100,NA,NA,meta_did,TRUE,treatment,FALSE,FALSE,FALSE,TRUE,pooled,estimated,differenced,NA,TRUE,summary,NA,NA,NA,NA,NA,NA,NA,NA,NA,NA,NA,NA,NA,NA,NA,NA,NA,NA,NA,NA,NA,NA,NA,NA,NA,NA,NA,NA,NA,NA,NA,NA,NA,NA
A17,A,"Sign mismatch: negative effect (-0.15) with positive trend (+0.04), PP-heavy",naive,metadid,10,0,20,-0.15,0.03,0.04,0.02,0.45,0.05,0.12,0.5,0,100,100,NA,NA,meta_did_general,TRUE,treatment,FALSE,FALSE,FALSE,TRUE,fixed_zero,fixed_zero,differenced,NA,TRUE,summary,NA,NA,NA,NA,NA,NA,NA,NA,NA,NA,NA,NA,NA,NA,NA,NA,NA,NA,NA,NA,NA,NA,NA,NA,NA,NA,NA,NA,NA,NA,NA,NA,NA,NA
A17,A,"Sign mismatch: negative effect (-0.15) with positive trend (+0.04), PP-heavy",robust,metadid,10,0,20,-0.15,0.03,0.04,0.02,0.45,0.05,0.12,0.5,0,100,100,NA,NA,meta_did,TRUE,treatment,TRUE,FALSE,FALSE,TRUE,pooled,estimated,differenced,NA,TRUE,summary,NA,NA,NA,NA,NA,NA,NA,NA,NA,NA,NA,NA,NA,NA,NA,NA,NA,NA,NA,NA,NA,NA,NA,NA,NA,NA,NA,NA,NA,NA,NA,NA,NA,NA
A18,A,"Both positive: true_effect = +0.15, trend = +0.04",default,metadid,20,0,0,0.15,0.03,0.04,0.02,0.45,0.05,0.12,0.5,0,100,100,NA,NA,meta_did,TRUE,treatment,FALSE,FALSE,FALSE,TRUE,pooled,estimated,differenced,NA,TRUE,summary,NA,NA,NA,NA,NA,NA,NA,NA,NA,NA,NA,NA,NA,NA,NA,NA,NA,NA,NA,NA,NA,NA,NA,NA,NA,NA,NA,NA,NA,NA,NA,NA,NA,NA
A18,A,"Both positive: true_effect = +0.15, trend = +0.04",naive,metadid,20,0,0,0.15,0.03,0.04,0.02,0.45,0.05,0.12,0.5,0,100,100,NA,NA,meta_did_general,TRUE,treatment,FALSE,FALSE,FALSE,TRUE,fixed_zero,fixed_zero,differenced,NA,TRUE,summary,NA,NA,NA,NA,NA,NA,NA,NA,NA,NA,NA,NA,NA,NA,NA,NA,NA,NA,NA,NA,NA,NA,NA,NA,NA,NA,NA,NA,NA,NA,NA,NA,NA,NA
A18,A,"Both positive: true_effect = +0.15, trend = +0.04",robust,metadid,20,0,0,0.15,0.03,0.04,0.02,0.45,0.05,0.12,0.5,0,100,100,NA,NA,meta_did,TRUE,treatment,TRUE,FALSE,FALSE,TRUE,pooled,estimated,differenced,NA,TRUE,summary,NA,NA,NA,NA,NA,NA,NA,NA,NA,NA,NA,NA,NA,NA,NA,NA,NA,NA,NA,NA,NA,NA,NA,NA,NA,NA,NA,NA,NA,NA,NA,NA,NA,NA
G1,G,"Prior sensitivity: effect/trend prior sd = 1 (unnormalised, 20 DiD)",default,metadid,20,0,0,-0.15,0.03,-0.04,0.02,0.45,0.05,0.12,0.5,0,100,100,NA,NA,meta_did,FALSE,treatment,FALSE,FALSE,FALSE,TRUE,pooled,estimated,differenced,NA,TRUE,summary,NA,NA,NA,NA,NA,NA,NA,NA,NA,NA,NA,NA,NA,NA,NA,NA,NA,NA,NA,NA,NA,NA,NA,"structure(list(treatment_effect_mean = structure(list(dist = ""normal"",      mean = 0, sd = 1), class = ""did_prior""), treatment_effect_sd = structure(list(     dist = ""cauchy"", scale = 5), class = ""did_prior""), time_trend_mean = structure(list(     dist = ""normal"", mean = 0, sd = 1), class = ""did_prior""),      time_trend_sd = structure(list(dist = ""cauchy"", scale = 5), class = ""did_prior""),      rho_mean = structure(list(dist = ""normal"", mean = 0, sd = 1), class = ""did_prior""),      rho_sd = structure(list(dist = ""normal"", mean = 0, sd = 0.5), class = ""did_prior""),      nu = structure(list(dist = ""gamma"", shape = 2, rate = 0.1), class = ""did_prior""),      delta_rct = structure(list(dist = ""normal"", mean = 0, sd = 10), class = ""did_prior""),      delta_pp = structure(list(dist = ""normal"", mean = 0, sd = 10), class = ""did_prior""),      sigma = structure(list(dist = ""cauchy"", scale = 5), class = ""did_prior""),      beta_cov = structure(list(dist = ""normal"", mean = 0, sd = 10), class = ""did_prior""),      lkj_eta = structure(list(dist = ""lkj"", eta = 2), class = ""did_prior""),      baseline_difference_mean = structure(list(dist = ""normal"",          mean = 0, sd = 0.5), class = ""did_prior""), baseline_difference_sd = structure(list(         dist = ""cauchy"", scale = 0.1), class = ""did_prior""),      baseline_per_study = NULL, multiplier = structure(list(dist = ""lognormal"",          meanlog = 0, sdlog = 0.7), class = ""did_prior"")), class = ""did_priors"")",NA,NA,NA,NA,NA,NA,NA,NA,NA,NA
G2,G,"Prior sensitivity: effect/trend prior sd = 5 (unnormalised, 20 DiD)",default,metadid,20,0,0,-0.15,0.03,-0.04,0.02,0.45,0.05,0.12,0.5,0,100,100,NA,NA,meta_did,FALSE,treatment,FALSE,FALSE,FALSE,TRUE,pooled,estimated,differenced,NA,TRUE,summary,NA,NA,NA,NA,NA,NA,NA,NA,NA,NA,NA,NA,NA,NA,NA,NA,NA,NA,NA,NA,NA,NA,NA,"structure(list(treatment_effect_mean = structure(list(dist = ""normal"",      mean = 0, sd = 5), class = ""did_prior""), treatment_effect_sd = structure(list(     dist = ""cauchy"", scale = 5), class = ""did_prior""), time_trend_mean = structure(list(     dist = ""normal"", mean = 0, sd = 5), class = ""did_prior""),      time_trend_sd = structure(list(dist = ""cauchy"", scale = 5), class = ""did_prior""),      rho_mean = structure(list(dist = ""normal"", mean = 0, sd = 1), class = ""did_prior""),      rho_sd = structure(list(dist = ""normal"", mean = 0, sd = 0.5), class = ""did_prior""),      nu = structure(list(dist = ""gamma"", shape = 2, rate = 0.1), class = ""did_prior""),      delta_rct = structure(list(dist = ""normal"", mean = 0, sd = 10), class = ""did_prior""),      delta_pp = structure(list(dist = ""normal"", mean = 0, sd = 10), class = ""did_prior""),      sigma = structure(list(dist = ""cauchy"", scale = 5), class = ""did_prior""),      beta_cov = structure(list(dist = ""normal"", mean = 0, sd = 10), class = ""did_prior""),      lkj_eta = structure(list(dist = ""lkj"", eta = 2), class = ""did_prior""),      baseline_difference_mean = structure(list(dist = ""normal"",          mean = 0, sd = 0.5), class = ""did_prior""), baseline_difference_sd = structure(list(         dist = ""cauchy"", scale = 0.1), class = ""did_prior""),      baseline_per_study = NULL, multiplier = structure(list(dist = ""lognormal"",          meanlog = 0, sdlog = 0.7), class = ""did_prior"")), class = ""did_priors"")",NA,NA,NA,NA,NA,NA,NA,NA,NA,NA
G3,G,"Prior sensitivity: effect/trend prior sd = 10 (default, unnormalised, 20 DiD)",default,metadid,20,0,0,-0.15,0.03,-0.04,0.02,0.45,0.05,0.12,0.5,0,100,100,NA,NA,meta_did,FALSE,treatment,FALSE,FALSE,FALSE,TRUE,pooled,estimated,differenced,NA,TRUE,summary,NA,NA,NA,NA,NA,NA,NA,NA,NA,NA,NA,NA,NA,NA,NA,NA,NA,NA,NA,NA,NA,NA,NA,"structure(list(treatment_effect_mean = structure(list(dist = ""normal"",      mean = 0, sd = 10), class = ""did_prior""), treatment_effect_sd = structure(list(     dist = ""cauchy"", scale = 5), class = ""did_prior""), time_trend_mean = structure(list(     dist = ""normal"", mean = 0, sd = 10), class = ""did_prior""),      time_trend_sd = structure(list(dist = ""cauchy"", scale = 5), class = ""did_prior""),      rho_mean = structure(list(dist = ""normal"", mean = 0, sd = 1), class = ""did_prior""),      rho_sd = structure(list(dist = ""normal"", mean = 0, sd = 0.5), class = ""did_prior""),      nu = structure(list(dist = ""gamma"", shape = 2, rate = 0.1), class = ""did_prior""),      delta_rct = structure(list(dist = ""normal"", mean = 0, sd = 10), class = ""did_prior""),      delta_pp = structure(list(dist = ""normal"", mean = 0, sd = 10), class = ""did_prior""),      sigma = structure(list(dist = ""cauchy"", scale = 5), class = ""did_prior""),      beta_cov = structure(list(dist = ""normal"", mean = 0, sd = 10), class = ""did_prior""),      lkj_eta = structure(list(dist = ""lkj"", eta = 2), class = ""did_prior""),      baseline_difference_mean = structure(list(dist = ""normal"",          mean = 0, sd = 0.5), class = ""did_prior""), baseline_difference_sd = structure(list(         dist = ""cauchy"", scale = 0.1), class = ""did_prior""),      baseline_per_study = NULL, multiplier = structure(list(dist = ""lognormal"",          meanlog = 0, sdlog = 0.7), class = ""did_prior"")), class = ""did_priors"")",NA,NA,NA,NA,NA,NA,NA,NA,NA,NA
G4,G,"Prior sensitivity: effect/trend prior sd = 50 (unnormalised, 20 DiD)",default,metadid,20,0,0,-0.15,0.03,-0.04,0.02,0.45,0.05,0.12,0.5,0,100,100,NA,NA,meta_did,FALSE,treatment,FALSE,FALSE,FALSE,TRUE,pooled,estimated,differenced,NA,TRUE,summary,NA,NA,NA,NA,NA,NA,NA,NA,NA,NA,NA,NA,NA,NA,NA,NA,NA,NA,NA,NA,NA,NA,NA,"structure(list(treatment_effect_mean = structure(list(dist = ""normal"",      mean = 0, sd = 50), class = ""did_prior""), treatment_effect_sd = structure(list(     dist = ""cauchy"", scale = 5), class = ""did_prior""), time_trend_mean = structure(list(     dist = ""normal"", mean = 0, sd = 50), class = ""did_prior""),      time_trend_sd = structure(list(dist = ""cauchy"", scale = 5), class = ""did_prior""),      rho_mean = structure(list(dist = ""normal"", mean = 0, sd = 1), class = ""did_prior""),      rho_sd = structure(list(dist = ""normal"", mean = 0, sd = 0.5), class = ""did_prior""),      nu = structure(list(dist = ""gamma"", shape = 2, rate = 0.1), class = ""did_prior""),      delta_rct = structure(list(dist = ""normal"", mean = 0, sd = 10), class = ""did_prior""),      delta_pp = structure(list(dist = ""normal"", mean = 0, sd = 10), class = ""did_prior""),      sigma = structure(list(dist = ""cauchy"", scale = 5), class = ""did_prior""),      beta_cov = structure(list(dist = ""normal"", mean = 0, sd = 10), class = ""did_prior""),      lkj_eta = structure(list(dist = ""lkj"", eta = 2), class = ""did_prior""),      baseline_difference_mean = structure(list(dist = ""normal"",          mean = 0, sd = 0.5), class = ""did_prior""), baseline_difference_sd = structure(list(         dist = ""cauchy"", scale = 0.1), class = ""did_prior""),      baseline_per_study = NULL, multiplier = structure(list(dist = ""lognormal"",          meanlog = 0, sdlog = 0.7), class = ""did_prior"")), class = ""did_priors"")",NA,NA,NA,NA,NA,NA,NA,NA,NA,NA
G5,G,"Prior sensitivity: effect/trend prior sd = 100 (unnormalised, 20 DiD)",default,metadid,20,0,0,-0.15,0.03,-0.04,0.02,0.45,0.05,0.12,0.5,0,100,100,NA,NA,meta_did,FALSE,treatment,FALSE,FALSE,FALSE,TRUE,pooled,estimated,differenced,NA,TRUE,summary,NA,NA,NA,NA,NA,NA,NA,NA,NA,NA,NA,NA,NA,NA,NA,NA,NA,NA,NA,NA,NA,NA,NA,"structure(list(treatment_effect_mean = structure(list(dist = ""normal"",      mean = 0, sd = 100), class = ""did_prior""), treatment_effect_sd = structure(list(     dist = ""cauchy"", scale = 5), class = ""did_prior""), time_trend_mean = structure(list(     dist = ""normal"", mean = 0, sd = 100), class = ""did_prior""),      time_trend_sd = structure(list(dist = ""cauchy"", scale = 5), class = ""did_prior""),      rho_mean = structure(list(dist = ""normal"", mean = 0, sd = 1), class = ""did_prior""),      rho_sd = structure(list(dist = ""normal"", mean = 0, sd = 0.5), class = ""did_prior""),      nu = structure(list(dist = ""gamma"", shape = 2, rate = 0.1), class = ""did_prior""),      delta_rct = structure(list(dist = ""normal"", mean = 0, sd = 10), class = ""did_prior""),      delta_pp = structure(list(dist = ""normal"", mean = 0, sd = 10), class = ""did_prior""),      sigma = structure(list(dist = ""cauchy"", scale = 5), class = ""did_prior""),      beta_cov = structure(list(dist = ""normal"", mean = 0, sd = 10), class = ""did_prior""),      lkj_eta = structure(list(dist = ""lkj"", eta = 2), class = ""did_prior""),      baseline_difference_mean = structure(list(dist = ""normal"",          mean = 0, sd = 0.5), class = ""did_prior""), baseline_difference_sd = structure(list(         dist = ""cauchy"", scale = 0.1), class = ""did_prior""),      baseline_per_study = NULL, multiplier = structure(list(dist = ""lognormal"",          meanlog = 0, sdlog = 0.7), class = ""did_prior"")), class = ""did_priors"")",NA,NA,NA,NA,NA,NA,NA,NA,NA,NA
G6,G,"Jensen's test: baseline_sd = 0, no between-study variation (200 DiD)",default,metadid,200,0,0,-0.15,0.03,-0.04,0.02,0.45,0,0.12,0.5,0,100,100,NA,NA,meta_did,TRUE,treatment,FALSE,FALSE,FALSE,TRUE,pooled,estimated,differenced,NA,TRUE,summary,NA,NA,NA,NA,NA,NA,NA,NA,NA,NA,NA,NA,NA,NA,NA,NA,NA,NA,NA,NA,NA,NA,NA,NA,NA,NA,NA,NA,NA,NA,NA,NA,NA,NA
G7,G,"Jensen's test: baseline_sd = 0.01, reduced variation (200 DiD)",default,metadid,200,0,0,-0.15,0.03,-0.04,0.02,0.45,0.01,0.12,0.5,0,100,100,NA,NA,meta_did,TRUE,treatment,FALSE,FALSE,FALSE,TRUE,pooled,estimated,differenced,NA,TRUE,summary,NA,NA,NA,NA,NA,NA,NA,NA,NA,NA,NA,NA,NA,NA,NA,NA,NA,NA,NA,NA,NA,NA,NA,NA,NA,NA,NA,NA,NA,NA,NA,NA,NA,NA
G8,G,"Jensen's test: baseline_sd = 0.10, amplified variation (100 DiD)",default,metadid,100,0,0,-0.15,0.03,-0.04,0.02,0.45,0.1,0.12,0.5,0,100,100,NA,NA,meta_did,TRUE,treatment,FALSE,FALSE,FALSE,TRUE,pooled,estimated,differenced,NA,TRUE,summary,NA,NA,NA,NA,NA,NA,NA,NA,NA,NA,NA,NA,NA,NA,NA,NA,NA,NA,NA,NA,NA,NA,NA,NA,NA,NA,NA,NA,NA,NA,NA,NA,NA,NA
G9,G,"Jensen's test: n_control = 5000, high within-study precision (100 DiD)",default,metadid,100,0,0,-0.15,0.03,-0.04,0.02,0.45,0.05,0.12,0.5,0,5000,100,NA,NA,meta_did,TRUE,treatment,FALSE,FALSE,FALSE,TRUE,pooled,estimated,differenced,NA,TRUE,summary,NA,NA,NA,NA,NA,NA,NA,NA,NA,NA,NA,NA,NA,NA,NA,NA,NA,NA,NA,NA,NA,NA,NA,NA,NA,NA,NA,NA,NA,NA,NA,NA,NA,NA
H1,H,"Skewed trends: beta_i ~ -LogNormal (mean = -0.04, log-SD = 1), 15 DiD + 15 PP",full_normal,bespoke,15,0,15,-0.15,0.03,-0.04,0.052,0.45,0.05,0.12,0.5,0,100,100,NA,NA,meta_did,TRUE,treatment,FALSE,FALSE,FALSE,TRUE,pooled,estimated,differenced,NA,TRUE,summary,full_normal,simulate_lognormal_trends,NA,NA,NA,NA,NA,NA,NA,NA,NA,NA,NA,NA,NA,NA,NA,NA,NA,NA,NA,NA,NA,NA,1,NA,NA,NA,NA,NA,NA,NA,NA,NA
H1,H,"Skewed trends: beta_i ~ -LogNormal (mean = -0.04, log-SD = 1), 15 DiD + 15 PP",full_robust,bespoke,15,0,15,-0.15,0.03,-0.04,0.052,0.45,0.05,0.12,0.5,0,100,100,NA,NA,meta_did,TRUE,treatment,TRUE,FALSE,FALSE,TRUE,pooled,estimated,differenced,NA,TRUE,summary,full_robust,simulate_lognormal_trends,NA,NA,NA,NA,NA,NA,NA,NA,NA,NA,NA,NA,NA,NA,NA,NA,NA,NA,NA,NA,NA,NA,1,NA,NA,NA,NA,NA,NA,NA,NA,NA
H1,H,"Skewed trends: beta_i ~ -LogNormal (mean = -0.04, log-SD = 1), 15 DiD + 15 PP",naive,bespoke,15,0,15,-0.15,0.03,-0.04,0.052,0.45,0.05,0.12,0.5,0,100,100,NA,NA,meta_did_general,TRUE,treatment,FALSE,FALSE,FALSE,TRUE,fixed_zero,fixed_zero,differenced,NA,TRUE,summary,naive,simulate_lognormal_trends,NA,NA,NA,NA,NA,NA,NA,NA,NA,NA,NA,NA,NA,NA,NA,NA,NA,NA,NA,NA,NA,NA,1,NA,NA,NA,NA,NA,NA,NA,NA,NA
H2,H,"Bimodal trends: 50/50 mixture N(-0.10, 0.01) + N(-0.01, 0.01), 15 DiD + 15 PP",full_normal,bespoke,15,0,15,-0.15,0.03,-0.055,0.046,0.45,0.05,0.12,0.5,0,100,100,NA,NA,meta_did,TRUE,treatment,FALSE,FALSE,FALSE,TRUE,pooled,estimated,differenced,NA,TRUE,summary,full_normal,simulate_bimodal_trends,NA,NA,NA,NA,NA,NA,NA,NA,NA,NA,NA,NA,NA,NA,NA,NA,NA,NA,NA,NA,NA,NA,NA,-0.1,-0.01,0.5,0.01,NA,NA,NA,NA,NA
H2,H,"Bimodal trends: 50/50 mixture N(-0.10, 0.01) + N(-0.01, 0.01), 15 DiD + 15 PP",full_robust,bespoke,15,0,15,-0.15,0.03,-0.055,0.046,0.45,0.05,0.12,0.5,0,100,100,NA,NA,meta_did,TRUE,treatment,TRUE,FALSE,FALSE,TRUE,pooled,estimated,differenced,NA,TRUE,summary,full_robust,simulate_bimodal_trends,NA,NA,NA,NA,NA,NA,NA,NA,NA,NA,NA,NA,NA,NA,NA,NA,NA,NA,NA,NA,NA,NA,NA,-0.1,-0.01,0.5,0.01,NA,NA,NA,NA,NA
H2,H,"Bimodal trends: 50/50 mixture N(-0.10, 0.01) + N(-0.01, 0.01), 15 DiD + 15 PP",naive,bespoke,15,0,15,-0.15,0.03,-0.055,0.046,0.45,0.05,0.12,0.5,0,100,100,NA,NA,meta_did_general,TRUE,treatment,FALSE,FALSE,FALSE,TRUE,fixed_zero,fixed_zero,differenced,NA,TRUE,summary,naive,simulate_bimodal_trends,NA,NA,NA,NA,NA,NA,NA,NA,NA,NA,NA,NA,NA,NA,NA,NA,NA,NA,NA,NA,NA,NA,NA,-0.1,-0.01,0.5,0.01,NA,NA,NA,NA,NA
H3,H,"Large trend variance: sigma_trend = 0.10 (5x default), 15 DiD + 15 PP",full_normal,metadid,15,0,15,-0.15,0.03,-0.04,0.1,0.45,0.05,0.12,0.5,0,100,100,NA,NA,meta_did,TRUE,treatment,FALSE,FALSE,FALSE,TRUE,pooled,estimated,differenced,NA,TRUE,summary,full_normal,NA,NA,NA,NA,NA,NA,NA,NA,NA,NA,NA,NA,NA,NA,NA,NA,NA,NA,NA,NA,NA,NA,NA,NA,NA,NA,NA,NA,NA,NA,NA,NA,NA
H3,H,"Large trend variance: sigma_trend = 0.10 (5x default), 15 DiD + 15 PP",full_robust,metadid,15,0,15,-0.15,0.03,-0.04,0.1,0.45,0.05,0.12,0.5,0,100,100,NA,NA,meta_did,TRUE,treatment,TRUE,FALSE,FALSE,TRUE,pooled,estimated,differenced,NA,TRUE,summary,full_robust,NA,NA,NA,NA,NA,NA,NA,NA,NA,NA,NA,NA,NA,NA,NA,NA,NA,NA,NA,NA,NA,NA,NA,NA,NA,NA,NA,NA,NA,NA,NA,NA,NA
H3,H,"Large trend variance: sigma_trend = 0.10 (5x default), 15 DiD + 15 PP",naive,metadid,15,0,15,-0.15,0.03,-0.04,0.1,0.45,0.05,0.12,0.5,0,100,100,NA,NA,meta_did_general,TRUE,treatment,FALSE,FALSE,FALSE,TRUE,fixed_zero,fixed_zero,differenced,NA,TRUE,summary,naive,NA,NA,NA,NA,NA,NA,NA,NA,NA,NA,NA,NA,NA,NA,NA,NA,NA,NA,NA,NA,NA,NA,NA,NA,NA,NA,NA,NA,NA,NA,NA,NA,NA
H4,H,"Trend-size confounding: DiD n ~ U(30,70), PP n ~ U(150,250), 15 DiD + 15 PP",full_normal,bespoke,15,0,15,-0.15,0.03,-0.04,0.02,0.45,0.05,0.12,0.5,0,100,100,NA,NA,meta_did,TRUE,treatment,FALSE,FALSE,FALSE,TRUE,pooled,estimated,differenced,NA,TRUE,summary,full_normal,simulate_trend_size_corr,NA,NA,NA,NA,NA,NA,NA,NA,NA,NA,NA,NA,NA,NA,NA,NA,NA,NA,NA,NA,NA,NA,NA,NA,NA,NA,NA,3e-04,30,70,150,250
H4,H,"Trend-size confounding: DiD n ~ U(30,70), PP n ~ U(150,250), 15 DiD + 15 PP",full_robust,bespoke,15,0,15,-0.15,0.03,-0.04,0.02,0.45,0.05,0.12,0.5,0,100,100,NA,NA,meta_did,TRUE,treatment,TRUE,FALSE,FALSE,TRUE,pooled,estimated,differenced,NA,TRUE,summary,full_robust,simulate_trend_size_corr,NA,NA,NA,NA,NA,NA,NA,NA,NA,NA,NA,NA,NA,NA,NA,NA,NA,NA,NA,NA,NA,NA,NA,NA,NA,NA,NA,3e-04,30,70,150,250
H4,H,"Trend-size confounding: DiD n ~ U(30,70), PP n ~ U(150,250), 15 DiD + 15 PP",naive,bespoke,15,0,15,-0.15,0.03,-0.04,0.02,0.45,0.05,0.12,0.5,0,100,100,NA,NA,meta_did_general,TRUE,treatment,FALSE,FALSE,FALSE,TRUE,fixed_zero,fixed_zero,differenced,NA,TRUE,summary,naive,simulate_trend_size_corr,NA,NA,NA,NA,NA,NA,NA,NA,NA,NA,NA,NA,NA,NA,NA,NA,NA,NA,NA,NA,NA,NA,NA,NA,NA,NA,NA,3e-04,30,70,150,250
